ID	TITLE	NAME	RAM	COLOR	SCREEN SIZE
1940486	Smartphone LG Optimus L7 II Dual P716 Preto com Dual Chip, Tela de 4.3”, Android 4.1, Câmera 8MP, 3G, Wi-Fi, aGPS, Bluetooth e Cartão 4GB - Celular LG Optimus L7 II Dual	smartphone lg optimus l7 ii dual p716  com dual chip, tela de 		preto	Chip,4.3”,4.3”,4.1,4.1,8MP,3G,Wi-Fi,aGPS,
2277815	Smartphone Samsung Galaxy S4 Mini Duos Preto com Dual Chip, Tela 4.3", Android 4.2, Câmera 8MP e Processador Dual Core de 1.7 Ghz - Claro - Galaxy S4 Mini Duos	smartphone samsung galaxy s4 mini duos  com dual chip, tela 		preto	Chip,4.3","3.4
2961097	Smartphone  Samsung Galaxy S5 SM-G900M Branco com Tela 5.1", Android 4.4, 4G, Câmera 16MP e Processador Quad Core 2.5GHz	smartphone  samsung galaxy s5 sm-g900m  com tela 		branco	5.1","1.5
2961099	Smartphone  Samsung Galaxy S5 SM-G900M Dourado com Tela 5.1", Android 4.4, 4G, Câmera 16MP e Processador Quad Core 2.5GHz	smartphone  samsung galaxy s5 sm-g900m  com tela 		dourado	5.1","1.5
3031744	Smartphone LG L90 Dual D410 Preto com Tela de 4.7”, Dual Chip, Android 4.4, Câmera 8MP e Processador Quad Core de 1.2 GHz	smartphone lg l90 dual d410  com tela de 		preto	4.7”,4.7”,Chip,4.4,4.4,1.2
3076120	Smartphone  Samsung Galaxy Core Plus Branco com Tela 4.3", TV Digital, Dual Chip, Android 4.3, Processador Dual Core 1.2 Ghz e Câmera de 5MP	smartphone  samsung galaxy core plus  com tela 		branco	4.3","3.4
3507499	Smartphone Samsung Galaxy Pocket 2 Duos SM-G110B Branco com Dual Chip, Android 4.4, Wi-Fi, 3G, GPS, Câmera 2MP, FM, MP3 e Bluetooth	smartphone samsung galaxy pocket 		branco	Chip,4.4,4.4,Wi-Fi,3G,GPS,2MP,FM,
3507899	Smartphone  Samsung Galaxy S5 Duos SM-G900 Preto com Dual Chip,Tela 5.1", Android 4.4, 4G, Câmera 16MP e Processador Quad Core 2.5GHz	smartphone  samsung galaxy s5 duos sm-g900  com dual chip,tela 		preto	Chip,Tela5.1","1.5
3638254	Smartphone Samsung Galaxy Young 2 Duos G130M Branco com Tela 3.5", Dual Chip, Android 4.4, 3G, Wi-Fi, GPS, Rádio FM e Câmera de 3MP.	smartphone samsung galaxy young 		branco	3.5","5.3
3638255	Smartphone Samsung Galaxy Young 2 Duos G130M Cinza com Tela 3.5", Dual Chip, Android 4.4, 3G, Wi-Fi, GPS, Rádio FM e Câmera de 3MP.	smartphone samsung galaxy young 			3.5","5.3
3842557	Smartphone Alcatel One Touch Pop C7 Branco com Tela 5”, Dual Chip, Câmera 8MP, Android 4.2, 3G e Processador Quad Core de 1.3 Ghz - Vivo	smartphone alcatel one touch pop c7  com tela 		branco	5”,Chip,8MP,4.2,4.2,1.3
4174797	Smartphone Samsung Galaxy Win 2 Duos TV Branco com Dual Chip, Tela de 4.5", TV Digital, Android 4.4, Câm. de 5MP e Processador Quad Core de1.2 Ghz	smartphone samsung galaxy win 		branco	Chip,4.5","5.4
4174800	Smartphone Samsung Galaxy Ace 4 Duos G313M/DS Cinza com Tela de 4”, Dual Chip, Android 4.4, Câmera 5MP, 3G e Processador Dual Core de 1GHz	smartphone samsung galaxy ace 			4”,Chip,4.4,4.4,5MP,
4186072	Smartphone Samsung Galaxy A7 4G Duos SM-A700FD Branco com Dual Chip, Tela 5.5", 4G, Android 4.4, Câmera 13MP e Processador Octa Core	smartphone samsung galaxy a7 		branco	Chip,5.5","5.5
4188382	Smartphone Samsung Galaxy Ace 4 Duos G313M/DS Branco com Tela de 4”, Dual Chip, Android 4.4, Câmera 5MP, 3G e Processador Dual Core de 1GHz	smartphone samsung galaxy ace 		branco	4”,Chip,4.4,4.4,5MP,
4333921	Smartphone Samsung Galaxy E5 4G Duos E500M/DS Branco com Dual Chip, Tela 5" HD sAMOLED, Android 4.4, Câmera 8MP e Processador Quad Core 1.2GHz	smartphone samsung galaxy e5 		branco	Chip,"5
4382821	Smartphone Samsung Galaxy A5 4G Duos A500M/DS Dourado com Dual Chip, Tela 5", Android 4.4, Câm.13MP e Processador Quad Core 1.2GHz	smartphone samsung galaxy a5 		dourado	Chip,"5
4457760	Smartphone Desbloqueado Samsung Galaxy S6 Edge SM-G925I Verde com 64GB, Tela de 5.1", Android 5.0, 4G, Câmera 16 MP e Processador Octa Core	smartphone desbloqueado samsung galaxy s6 edge sm-g925i  com 		verde	64GB,5.1","1.5
4457762	Smartphone Samsung Galaxy S6 Edge SM-G925I Preto com 64GB, Tela de 5.1", Android 5.0, 4G, Câmera 16 MP e Processador Octa Core	smartphone samsung galaxy s6 edge sm-g925i  com 		preto	64GB,5.1","1.5
4457764	Smartphone Samsung Galaxy S6 Edge SM-G925I Branco com 64GB, Tela de 5.1", Android 5.0, 4G, Câmera 16 MP e Processador Octa Core	smartphone samsung galaxy s6 edge sm-g925i  com 		branco	64GB,5.1","1.5
4626851	Smartphone Microsoft Lumia 640XL Dual Preto com Windows Phone 8.1, Tela de 5.7", Dual Chip, 3G, Câmera 13MP e Processador Quad Core de 1.2 GHz	smartphone microsoft lumia 		preto	8.1,8.1,5.7","7.5
5409352	Smartphone Samsung Galaxy Win 2 Duos TV G360BT Cinza com Dual Chip, Tela de 4.5", TV Digital, Android 4.4, Câm. de 5MP e Processador Quad Core 1.2 GHz	smartphone samsung galaxy win 			Chip,4.5","5.4
5409353	Smartphone Samsung Galaxy Win 2 Duos TV G360BT Branco com Dual Chip, Tela de 4.5", TV Digital, Android 4.4, Câm. de 5MP e Processador Quad Core 1.2GHz	smartphone samsung galaxy win 		branco	Chip,4.5","5.4
6034913	Smartphone Positivo Quattro X435 Preto com Dual Chip, Tela 5”, Android 5.1, Câmera 5MP, 4G, Wi-Fi, Bluetooth e Processador Quad Core 1.0GHz	smartphone positivo quattro x435  com dual chip, tela 		preto	Chip,5”,5.1,5.1,5MP,4G,Wi-Fi,1.0GHz
7259387	Smartphone LG K4 Indigo com 8GB, Dual Chip, Tela de 4.5", 4G, Android 5.1, Câmera 5MP e Processador Quad Core de 1GHz	smartphone lg k4  com 		indigo	8GB,Chip,4.5","5.4
7259389	Smartphone LG K10 TV Índigo com 16GB, Dual Chip, Tela de 5.3" HD, 4G, Android 6.0, Câmera 13MP e Processador Octa Core de 1.14 GHz	smartphone lg k10 tv índigo com 			16GB,Chip,5.3""3.5
7528302	Smartphone Multilaser MS50 Colors Preto com Tela 5.0”, Dual Chip, Android 5.0, Câmera 8MP, Wi-Fi, 3G, Bluetooth e Processador Quad Core de 1.3 GHz	smartphone multilaser ms50 colors  com tela 		preto	5.0”,5.0”,Chip,5.0,5.0,8MP,Wi-Fi,3G,1.3
7528303	Smartphone Multilaser MS50 Colors Branco com Tela 5.0”, Dual Chip, Android 5.0, Câmera 8MP, Wi-Fi, 3G, Bluetooth e Processador Quad Core de 1.3 GHz	smartphone multilaser ms50 colors  com tela 		branco	5.0”,5.0”,Chip,5.0,5.0,8MP,Wi-Fi,3G,1.3
7528304	Smartphone Multilaser MS50 Senior Preto com Tela 5.0”, Dual Chip, Android 5.0, Câmera 8MP, Wi-Fi, 3G, Bluetooth e Processador Quad Core de 1.3 GHz	smartphone multilaser ms50 senior  com tela 		preto	5.0”,5.0”,Chip,5.0,5.0,8MP,Wi-Fi,3G,1.3
7923488	Smartphone ASUS Zenfone II ZE551 16GB 4G Tela 5.5 ZE551ML-6C705WW - BVOLT	smartphone asus zenfone ii ze551 			5.5
8105618	Smartphone Asus Zenfone 2 ZE551ML, 4G Android 5.0 Intel Quad Core 2.3GHz 16GB Câmera 13MP Tela 5.5, Dourado	smartphone asus zenfone 		dourado	ZE551ML,5.02.3GHz5.5,5.5,
10029373	Violão Infantil Acústico Nylon Michael Vm10e Bk 1/4 Preto	violão infantil acústico nylon michael vm10e bk 		preto	
10029794	Playground Modular Advanced - Xalingo	Playground Modular Advanced - Xalingo			
10078038	Playground Modular Adventure - Xalingo	Playground Modular Adventure - Xalingo			
10080076	Playground Modular Future - Xalingo	Playground Modular Future - Xalingo			
10111398	Memoria 4gb Ddr3 1333 Kvr13n9s8/4 Kingston	memoria 			
10119246	Headphone Sense Oex Hp-100 Preto	Headphone Sense Oex Hp-100 Preto		preto	
10156714	Colar Masculino Couro Zíper E Caveira Preto	Colar Masculino Couro Zíper E Caveira Preto		preto	
10158095	Colar Masculino Em Couro Pingentes Preto	Colar Masculino Em Couro Pingentes Preto		preto	
10169722	Bumper Ero Original Samsung Galaxy S3 Siii I9300 + Pingente Laço (Bd11)	Bumper Ero Original Samsung Galaxy S3 Siii I9300 + Pingente Laço (Bd11)			
10172238	Bumper Ero Original Samsung Galaxy S3 Siii I9300 + Pingente Laço (Bd13)	Bumper Ero Original Samsung Galaxy S3 Siii I9300 + Pingente Laço (Bd13)			
10172241	Bumper Ero Original Samsung Galaxy S3 Siii I9300 + Pingente Laço (Bd12)	Bumper Ero Original Samsung Galaxy S3 Siii I9300 + Pingente Laço (Bd12)			
10172251	Bumper Ero Original Samsung Galaxy S3 Siii I9300 + Pingente Laço (Bd10)	Bumper Ero Original Samsung Galaxy S3 Siii I9300 + Pingente Laço (Bd10)			
10174707	Película Vidro Temperado Lg G4 / Dual Proteção Máxima Invisível Alta Definição - Husky	Película Vidro Temperado Lg G4 / Dual Proteção Máxima Invisível Alta Definição - Husky			
10201171	Anabolizante Capilar 1kg Forever Liss	anabolizante capilar 			
10206264	Tablet Multilaser M7s Quad Core Wi fi 7 Preto Nb184	tablet multilaser m7s quad core wi fi 		preto	
10229203	Memória Kingston Hyperx Savage 4gb 1600mhz Ddr3 Cl9 Vermelha Hx316c9sr/4	memória kingston hyperx savage 			
10229279	Memória 4gb Ddr3 Kingston Hyperx Fury 1600mhz Vermelho (Hx316c10fr/4)	memória 			
10229375	Tablet Samsung Galaxy Tab A 4g Sm-P355m,8,16gb,Câmera 5mp, Android 5.0,Quad Core 1.2 Ghz  Branco	tablet samsung galaxy tab a 		branco	Sm-P355m,Sm-P355m,Sm-P355m,5mp,5.0,Quad5.0,Quad1.2
10230494	Memória 8Gb (1X8gb) Ddr3 1866Mhz Hyperx Fury Black Hx318c10fb/8 Kingston	memória 			
10231173	Memoria Kingston HYPER X FURY RED DESK 8GB DDR3 1866 HX318C10FR/8	memoria kingston hyper x fury red desk 			
10231219	Memoria Desktop Gamer Hyperx Ddr3 Fury 8gb 1600mhz Ddr3 Non-Ecc Cl10 240-Pin Udimm Blue - Kingston	memoria desktop gamer hyperx ddr3 fury 			
10231221	Memoria Desktop Gamer Hyperx Ddr3 Fury 8gb 1600mhz Ddr3 Non-Ecc Cl10 Udimm Black - Kingston	memoria desktop gamer hyperx ddr3 fury 			
10231251	Memoria Desktop Gamer Hyperx Ddr3 Fury 4gb 1866mhz - Kingston	memoria desktop gamer hyperx ddr3 fury 			
10231290	Memoria Desktop Gamer Hyperx Ddr3 Fury 4gb 1600mhz Ddr3 Non-Ecc Cl10 240-Pin Udimm Red - Kingston	memoria desktop gamer hyperx ddr3 fury 			
10272343	Colar Masculino Couro Pingentes Crucifixo E Nossa Senhora Aparecida Preto	Colar Masculino Couro Pingentes Crucifixo E Nossa Senhora Aparecida Preto		preto	
10365719	Cabo Hdmi X Dvi 1.8 Metros Hdmi 1.4 10,2 Gbps	cabo hdmi x dvi 			1.81.410,2
10370558	Cabo Usb Retrátil  3 Adaptadores Preto - Muvit	cabo usb retrátil  		preto	
10370833	Memory Foam Playthru (Estojo Para Nds Preto) Lat	Memory Foam Playthru (Estojo Para Nds Preto) Lat		preto	
10380246	Fone Com Microfone Phn-M82mv/Bk Com Cont. Volume Mymax Preto	Fone Com Microfone Phn-M82mv/Bk Com Cont. Volume Mymax Preto		preto	Cont.
10381921	Ssd Gamer Hyperx Kingston Savage 240gb 2.5 Sata Iii Shss37a/240g	ssd gamer hyperx kingston savage 			2.5
10382119	Refil Plástico Para Álbum 16x22 Com 2 Divisórias E 10 Unidades Rsm003 - Toke E Crie	refil plástico para álbum 			
10382282	Refil Plástico Para Álbum 32x32 Com 6 Divisórias E 10 Unidades Rsm005 - Toke E Crie	refil plástico para álbum 			
10392692	Headset Groove Hp102 Preto Oex	Headset Groove Hp102 Preto Oex		preto	
10396396	Projetor Optoma Br331 Full-Hd 3d 3200 Lumens	projetor optoma br331 full-hd 			
10402534	Fonte Compativel Hp Compaq Tc4200 Tc4400 Tablet Pc - 18.5v	fonte compativel hp compaq tc4200 tc4400 tablet pc - 			18.5v
10402648	Fonte Compativel Hp Elitebook 8730w Mobile - 18.5v	fonte compativel hp elitebook 			18.5v
10404096	Fonte Compativel Hp Mobile Nw8440 Nw9440 Mobile - 18.5v	fonte compativel hp mobile nw8440 nw9440 mobile - 			18.5v
10413451	Fogão Delplus 5 Preto - Bivolt	fogão delplus 		preto	
10413556	Freezer/Refrigerador Horizontal Venax CHDM Degelo Manual 300L Preto - SE	freezer/refrigerador horizontal venax chdm degelo manual 		preto	
10413557	Freezer/Refrigerador Horizontal Venax CHDM Degelo Manual 300L Preto - SE	freezer/refrigerador horizontal venax chdm degelo manual 		preto	
10417343	Braçadeira Esportiva Para Iphone 4, 4s, 5, 5s, 5c E Smartphone Até 12,5 X 6 Cm - Preta	braçadeira esportiva para iphone 			4,4s,5,5s,12,5
10425358	Fonte Compativel Hp Compaq 8510w 8710w Mobile Workstation - 18.5v	fonte compativel hp compaq 			18.5v
10431793	Fogão Picasso 5 Inox - Bivolt	fogão picasso 			
10431849	Fogão Picasso 6 Inox - Bivolt	fogão picasso 			
10436409	Bastão Para Selfie Retrátil Com Controle Bluetooth Embutido Para Ios E Andriod - Preto	Bastão Para Selfie Retrátil Com Controle Bluetooth Embutido Para Ios E Andriod - Preto		preto	
10437999	Tênis Puma Cabana Racer Sl Infantil Branco / Preto 36	tênis puma cabana racer sl infantil  /  		preto	
10438245	Braçadeira Esportiva Para Iphone 6 E Smartphone Até 14 X 8 Cm - Preta	braçadeira esportiva para iphone 			
10443255	Placa Mae Gigabyte Core i3 i5 i7 1150 Aud Vid LAN µATX GA-H81M-S3PH	placa mae gigabyte core i3 i5 i7 			
10443720	Computador Neologic NLI48161 Intel Core i5-4440 4GB 500GB + Monitor 21,5" Linux	computador neologic nli48161 intel core i5-4440 			21,5""5,12
10443723	Computador Neologic NLI48171 Intel Core i5-4440 4GB 500GB + Monitor 21,5" Windows 7	computador neologic nli48171 intel core i5-4440 			21,5""5,12
10443830	Coqueteleira Fume 700ml - Probiótica	coqueteleira fume 			
10443869	Violão Eagle Folk Ch887 Bk Preto Aço Elétrico C Afinador	Violão Eagle Folk Ch887 Bk Preto Aço Elétrico C Afinador		preto	
10443928	Violão Elétrico Jumbo Aço Hofma Ye223 Bk Preto C Afinador	Violão Elétrico Jumbo Aço Hofma Ye223 Bk Preto C Afinador		preto	
10444009	Violão Folk Hofma Ye220 Bk Preto 220 Aço C Afinador	violão folk hofma ye220 bk  		preto	
10444060	Computador Neologic NLI48181 Intel Core i5-4440 4GB 500GB + Monitor 21,5" Windows 8	computador neologic nli48181 intel core i5-4440 			21,5""5,12
10444259	Violão Elétrico Nylon Hofma Ye230 Bk Preto C Afinador	Violão Elétrico Nylon Hofma Ye230 Bk Preto C Afinador		preto	
10444438	Computador Neologic NLI48170 Intel Core i5-4440 4GB 1TB + Monitor 21,5" Windows 7	computador neologic nli48170 intel core i5-4440 			21,5""5,12
10444439	Computador Neologic NLI48172 Intel Core i5-4440 8GB 500GB + Monitor 21,5" Windows 7	computador neologic nli48172 intel core i5-4440 			21,5""5,12
10444768	Computador Neologic NLI48180 Intel Core i5-4440 4GB 1TB + Monitor 21,5" Windows 8	computador neologic nli48180 intel core i5-4440 			21,5""5,12
10444806	Computador Neologic NLI48182 Intel Core i5-4440 8GB 500GB + Monitor 21,5" Windows 8	computador neologic nli48182 intel core i5-4440 			21,5""5,12
10446149	Cueca Slip Cotton	Cueca Slip Cotton			
10457331	Richée Argan e Ojon Shampoo Antirresíduo 700ml	richée argan e ojon shampoo antirresíduo 			
10458741	Computador Neologic NLI48176 Intel Core i5-4440 8GB 500GB Windows 7	computador neologic nli48176 intel core i5-4440 			
10459125	Computador Neologic NLI48196 Intel Core i5-4440 8GB 500GB Windows 8	computador neologic nli48196 intel core i5-4440 			
10459136	Computador Neologic Intel I5-4440 3.1ghz, HD 500Gb, 4gb Ram, Linux NLI48166	computador neologic intel i5-4440 	4gb		3.1ghz,3.1ghz,500Gb,Ram,
10459201	Computador Neologic NLI48195 Intel Core i5-4440 4GB 500GB Windows 8	computador neologic nli48195 intel core i5-4440 			
10459202	Computador Neologic NLI48165 Intel Core i5-4440 4GB 1TB Linux	computador neologic nli48165 intel core i5-4440 			
10459334	Computador Neologic NLI48174 Intel Core i5-4440 4GB 1TB Windows 7	computador neologic nli48174 intel core i5-4440 			
10461103	Bag Ibox Bb200 Contrabaixo Preto	Bag Ibox Bb200 Contrabaixo Preto		preto	
10462958	Forever Liss Force Repair Shampoo Rep 1 Lt	forever liss force repair shampoo rep 			
10464275	Ração Nd Gf Frango Cães Filhotes Raças Médias - 10,0kg	ração nd gf frango cães filhotes raças médias - 			10,0kg
10467267	Fi-7260 - Fujitsu-Scr A4 60ppm/120ipm	fi-7260 - fujitsu-scr a4 			
10469428	Mala Art Deco Com Rodinhas Em Vinil - 53x35 Cm	mala art deco com rodinhas em vinil - 			
10471631	Lowell Bioplastia Capilar Shampoo Reconstrutor 240ml	lowell bioplastia capilar shampoo reconstrutor 			
10471711	Probelle Shampoo Force Relax - 1000ml	probelle shampoo force relax - 			
10474045	Suporte Veicular Volante Celular Carro Gps Smartphone Iphone   Preto/Vermelho  Preto/Vermelho  Preto/Vermelho  Preto/Vermelho  Único  Único  Único  Único	Suporte Veicular Volante Celular Carro Gps Smartphone Iphone   Preto/Vermelho  Preto/Vermelho  Preto/Vermelho  Preto/Vermelho  Único  Único  Único  Único		preto	
10474951	Orofluido Shampoo - 1000ml	orofluido shampoo - 			
10477457	Corretivo Soft Claríssimo 00 - Dailus	corretivo soft claríssimo 			
10482309	Dominó Tradicional - Ciabrink	Dominó Tradicional - Ciabrink			
10482339	Alinhavos - Ciabrink	Alinhavos - Ciabrink			
10488575	Colágeno Clinical Skin (300g) - Body Action	Colágeno Clinical Skin (300g) - Body Action			
10488593	Disco Flash DTC 2767	disco flash dtc 			
10489339	Toner Samsung Clp 325 | Clx3185fw | Y407s Yellow Compatível	toner samsung clp 			
10493017	Schwarzkopf Professional 3D Men Root Activator - Shampoo 250ml	schwarzkopf professional 			
10496932	Botão Adesivo Coração Iphone-Ipad	Botão Adesivo Coração Iphone-Ipad			
10497608	Shampoo BC Bonacure Scalp Deep Cleansing Schwarzkopf 200ml	shampoo bc bonacure scalp deep cleansing schwarzkopf 			
10499130	Colchão Casal King Verticoil Smart Preto Sistema c/ Antifungo e Antialérgico - (193x203x23 cm)	Colchão Casal King Verticoil Smart Preto Sistema c/ Antifungo e Antialérgico - (193x203x23 cm)		preto	
10502867	Splitter Hdmi 1.3 1 Entrada X 4 Saídas Preto Pix	splitter hdmi 		preto	1.3
10503182	Switch Intelbras Sg800c 8 Portas 10/100/1000 Mbps Gigabit - 4005064	switch intelbras sg800c 			
10503773	Cabo Usb 10 Saídas	cabo usb 			
10511067	Capa Samsung Galaxy S3 Mini TPU Preto	Capa Samsung Galaxy S3 Mini TPU Preto		preto	
10511106	Capa Samsung Galaxy Gran Duos Tpu Preto	Capa Samsung Galaxy Gran Duos Tpu Preto		preto	
10511493	Batom Vult	Batom Vult			
10511494	Vult Batom 3,5g	vult batom 			3,5g
10511667	Batom Líquido Vult Matte 05	batom líquido vult matte 			
10511671	Batom Líquido Vult Matte 06	batom líquido vult matte 			
10511688	Batom Vult 05	batom vult 			
10511912	Batom Vult Nº55	Batom Vult Nº55			
10511920	Batom Vult Nº66	Batom Vult Nº66			
10512043	Batom Vult Nº41	Batom Vult Nº41			
10515031	Capa Samsung Galaxy S4 Mini Preto	Capa Samsung Galaxy S4 Mini Preto		preto	
10515587	Colchão Casal Padrão Verticoil Smart Preto Sistema C/ Antifungo E Antialérgico - (138x188x23 Cm)	Colchão Casal Padrão Verticoil Smart Preto Sistema C/ Antifungo E Antialérgico - (138x188x23 Cm)		preto	
10515599	Batom Líquido Vult Matte 01	batom líquido vult matte 			
10515674	Colchão Casal Queen Verticoil Smart Preto Sistema C/ Antifungo E Antialérgico - (158x198x23 Cm)	Colchão Casal Queen Verticoil Smart Preto Sistema C/ Antifungo E Antialérgico - (158x198x23 Cm)		preto	
10515777	Barzinho Campbell 100 Mdf Com Rodízios E Porta Garrafa - Preto Arizona	barzinho campbell 		preto	
10515789	Colchão Solteiro Padrão Verticoil Smart Preto Sistema c/ Antifungo e Antialérgico - (88x188x23 cm)	Colchão Solteiro Padrão Verticoil Smart Preto Sistema c/ Antifungo e Antialérgico - (88x188x23 cm)		preto	
10515990	Colchão Solteiro Verticoil Smart Preto Sistema c/ Antifungo e Antialérgico - (78x188x23 cm)	Colchão Solteiro Verticoil Smart Preto Sistema c/ Antifungo e Antialérgico - (78x188x23 cm)		preto	
10517578	Refil Para Toner Samsung Ml 3710 | Scx 5637 250g	refil para toner samsung ml 			
10519710	Celular Blu Samba Jr Q53 Prata Dual Chip Silver	Celular Blu Samba Jr Q53 Prata Dual Chip Silver		prata	
10524313	Mini Massageador Supermedy Com Usb Preto	Mini Massageador Supermedy Com Usb Preto		preto	
10532854	Carregador Veicular Combo - Veicular Power Bank E Lanterna. Cor Preto	Carregador Veicular Combo - Veicular Power Bank E Lanterna. Cor Preto		preto	Lanterna.
10534201	Capa Samsung Pocket Neo Tpu Preto	Capa Samsung Pocket Neo Tpu Preto		preto	
10535189	Capa Samsung Pocket Neo Tpu Transparente	Capa Samsung Pocket Neo Tpu Transparente			
10542369	Shampoo Dove Men  Care Limpeza Refrescante 200ml	shampoo dove men  care limpeza refrescante 			
10547514	Bumper Motorola Moto G Branca	Bumper Motorola Moto G Branca			
10548357	Bumper Samsung Galaxy S5 Azul	Bumper Samsung Galaxy S5 Azul		azul	
10553279	Bracadeira Samsung Galaxy Alpha	Bracadeira Samsung Galaxy Alpha			
10553333	Bracadeira Samsung Galaxy A3	Bracadeira Samsung Galaxy A3			
10553971	Bracadeira Motorola Moto E	Bracadeira Motorola Moto E			
10554154	Bracadeira Motorola Moto X	Bracadeira Motorola Moto X			
10554218	Sensor Temperatura Painel Iguaçu 26-220, 26-300, 4	sensor temperatura painel iguaçu 			26-220,26-300,
10554268	Sensor Maf - 7168 - Mte-Thomson	sensor maf - 			
10554506	Bracadeira Samsung Galaxy S4 Mini	Bracadeira Samsung Galaxy S4 Mini			
10555253	Schwarzkopf Osis Magic Finish Sérum 50ml	schwarzkopf osis magic finish sérum 			
10556101	Interface Celular Intelbras Quad Band Central Telefonica Itc 4100	interface celular intelbras quad band central telefonica itc 			
10556362	Clips 8/0 500g 180 Un - Bacchi	clips 			
10556457	Clips Galvanizados Ref.2 500G. Bacchi	clips galvanizados ref.2 			Ref.2500G.
10556749	Paliteiro Plástico - Plasútil	Paliteiro Plástico - Plasútil			
10557649	Bracadeira Samsung Galaxy S5 Mini	Bracadeira Samsung Galaxy S5 Mini			
10562893	Bumper Motorola Moto G2 Amarelo	Bumper Motorola Moto G2 Amarelo			
10571628	Capa Samsung Galaxy S5 Mini Tripla Proteção Preto	Capa Samsung Galaxy S5 Mini Tripla Proteção Preto		preto	
10573961	Avene Compacto Sable 50 10g	avene compacto sable 			
10578090	Base Líquida HD Koloss 30g	base líquida hd koloss 			
10578166	Pó Facial HD Koloss	Pó Facial HD Koloss			
10578667	Joico Moisture Recovery Shampoo 300ml	joico moisture recovery shampoo 			
10579361	Schwarzkopf Professional 3D Men Deep Cleansing - Shampoo 1000ml	schwarzkopf professional 			
10579453	Schwarzkopf 3Dmension Shampoo Antioliosidade - 250ml	schwarzkopf 			
10580772	Capa Transparente Iphone 4g/S - Cristal Flexível Premium	capa transparente iphone 			
10585987	Batom Líquido Matte Tracta	Batom Líquido Matte Tracta			
10586058	Batom Líquido Matte Tracta 8. Tweet Batom	batom líquido matte tracta 			8.
10586062	Batom Líquido Matte Tracta	Batom Líquido Matte Tracta			
10586065	Batom Líquido Matte Tracta 4,2mL	batom líquido matte tracta 			4,2mL
10586075	Batom Rouge Velvet	Batom Rouge Velvet			
10586230	Batom HD Matte Tracta 61. Sedeu&ccedil;&atilde;o B	batom hd matte tracta 			61.
10588803	Capa Samsung Galaxy Fame Lite Tpu Preto	Capa Samsung Galaxy Fame Lite Tpu Preto		preto	
10589445	Corretivo Líquido Tracta 7g	corretivo líquido tracta 			
10591150	Canudo Frutas Com 10 Unidades Strawplast	canudo frutas com 			
10591787	Tag Coleção Vintage - Canvas	Tag Coleção Vintage - Canvas			
10594130	Capacete Liberty Three For Girls - Preto	Capacete Liberty Three For Girls - Preto		preto	
10596046	Memoria 4gb 2x 2gb Compaq Pavilion Hdx16t Ddr2-800 Pc2-6400 Notebook	memoria 			
10597519	Grade Hilux SRV 2009 2010 2011 Cinza Moldura Cromada	grade hilux srv 			
10598390	Bóia Circular Mickey Mouse 56cm  91004 Bestway - E	bóia circular mickey mouse 			
10599463	Bumper Motorola Moto E Azul	Bumper Motorola Moto E Azul		azul	
10599530	Bumper Motorola Moto E Rosa	Bumper Motorola Moto E Rosa			
10599711	Capa Samsung T117 Flip Preto	Capa Samsung T117 Flip Preto		preto	
10604067	Capa Samsung Galaxy Fame/Fame Duos Pc Preto	Capa Samsung Galaxy Fame/Fame Duos Pc Preto		preto	
10604071	Capa Samsung Tab 3 7 Rotate Marrom	capa samsung tab 			
10604076	Capa Samsung Galaxy Fame Flip Preto	Capa Samsung Galaxy Fame Flip Preto		preto	
10604082	Capa Samsung Galaxy S4 Caveira Pc Preto	Capa Samsung Galaxy S4 Caveira Pc Preto		preto	
10604093	Capa Nokia 720 TPU Cinza	capa nokia 			
10604296	Capa Samsung Galaxy Fame Tpu Gel Cinza	Capa Samsung Galaxy Fame Tpu Gel Cinza			
10604335	Capa Samsung Galaxy S4 Pc Now Preto	Capa Samsung Galaxy S4 Pc Now Preto		preto	
10604703	Bumper Samsung Galaxy Fame Transparente/Branco	Bumper Samsung Galaxy Fame Transparente/Branco		branco	
10612144	Cooktop Fischer Vitrocerâmico 2 Bocas Preto Indução Elétrico 220V	cooktop fischer vitrocerâmico 		preto	
10613857	Co Tresemme Blindagem Platinum 400ml	co tresemme blindagem  		platinum	
10620382	Carboplex Malto 1kg - Advanced Nutrition-Neutro	carboplex malto 			
10620518	Exceed Energy Gel (cx c/ 10 uni) - Advanced Nutrition	exceed energy gel (cx c/ 			
10620628	Whey Muscle Hammer 900gr - Body Action	whey muscle hammer 			
10621534	Exceed Energy Gel (cx c/ 10 uni) - Advanced Nutrition	exceed energy gel (cx c/ 			
10621857	Colchão Casal Celebrity D-28 selado c/ Sistema Antiácaro, Antifungo e Antialérgico (188x138x17 cm)	Colchão Casal Celebrity D-28 selado c/ Sistema Antiácaro, Antifungo e Antialérgico (188x138x17 cm)			Antiácaro
10621920	Colchão Espuma D-20 Pro Luckspuma Selado Liso 12Cm - Solteiro 12x78x188 Cm	colchão espuma d-20 pro luckspuma selado liso 			
10622060	Exceed Energy Gel (cx c/ 10 uni) - Advanced Nutrition-Banana	exceed energy gel (cx c/ 			
10622291	Colchão Solteiro Supreme D-33 Selado C/ Sistema Antiácaro, Antifungo E Antialérgico (188x88x17 Cm)	Colchão Solteiro Supreme D-33 Selado C/ Sistema Antiácaro, Antifungo E Antialérgico (188x88x17 Cm)			Antiácaro
10624041	Corretivo Soft Dailus	Corretivo Soft Dailus			
10628258	Capa Samsung Galaxy Trend Lite S7392 Tpu Preto	Capa Samsung Galaxy Trend Lite S7392 Tpu Preto		preto	
10629579	Bumper Motorola Moto E Amarelo	Bumper Motorola Moto E Amarelo			
10630028	Exceed Energy Gel (cx c/ 10 uni) - Advanced Nutrition	exceed energy gel (cx c/ 			
10635362	Cooler Akasa Venom Voodoo - Universal Amd E Intel - Ak-Cc4008hp01	Cooler Akasa Venom Voodoo - Universal Amd E Intel - Ak-Cc4008hp01			
10635397	Water Cooler Corsair Hydro Series H80i Gt High Performance - Cw-9060017-Ww	Water Cooler Corsair Hydro Series H80i Gt High Performance - Cw-9060017-Ww			
10635467	Cabo Hdmi 1.4 - 10 Metros - 3d High Speed Full Hd - Gold Flash - Akasa - Ak-Cbhd02-100	cabo hdmi 			1.4
10635771	Shampoo Vichy Dercos Nutrirreparador	Shampoo Vichy Dercos Nutrirreparador			
10637282	Capa Flip Cover Samsung Galaxy Y Duos S6102 Preto	Capa Flip Cover Samsung Galaxy Y Duos S6102 Preto		preto	
10637317	Capa Flip Cover Samsung Galaxy Young Preto	Capa Flip Cover Samsung Galaxy Young Preto		preto	
10637399	Bumber Motorola D3 Transparente Com Roxo	Bumber Motorola D3 Transparente Com Roxo			
10637517	Bumper Motorola Moto G Rosa	Bumper Motorola Moto G Rosa			
10637521	Capa Samsung Galaxy S4 TPU Duplo Branco e Preto	Capa Samsung Galaxy S4 TPU Duplo Branco e Preto		preto	
10637539	Capa Samsung Galaxy Pocket Tpu Cinza	Capa Samsung Galaxy Pocket Tpu Cinza			
10637542	Bumber Samsung Galaxy S4 Rosa Com Transparente	Bumber Samsung Galaxy S4 Rosa Com Transparente			
10637557	Kit Capapelicula Samsung Galaxy Duos S6102 Preto	Kit Capapelicula Samsung Galaxy Duos S6102 Preto		preto	
10637598	Capa Samsung Galaxy S6010 Tpu Music Preto	Capa Samsung Galaxy S6010 Tpu Music Preto		preto	
10637669	Capa Flip Cover Samsung Galaxy S3 I9300 Preto	Capa Flip Cover Samsung Galaxy S3 I9300 Preto		preto	
10637680	Capa Samsung Galaxy Grand Duos PC Robotic Silicone Preto	Capa Samsung Galaxy Grand Duos PC Robotic Silicone Preto		preto	
10637705	Capa Samsung Galaxy S4 Pc Robotic Mod 1 Silicone Preto	capa samsung galaxy s4 pc robotic mod 		preto	
10637720	Kit Capapelicula Para Samsung Galaxy Y/Y Tv S5360 Preto	Kit Capapelicula Para Samsung Galaxy Y/Y Tv S5360 Preto		preto	
10637905	Bumper Samsung Galaxy Fame Preto/Transparente	Bumper Samsung Galaxy Fame Preto/Transparente		preto	
10638187	Capa Samsung Galaxy S3 Duos/Galaxy Core Flip Azul	Capa Samsung Galaxy S3 Duos/Galaxy Core Flip Azul		azul	
10638194	Bumper Samsung Galaxy S5 Vermelho	Bumper Samsung Galaxy S5 Vermelho			
10638236	Capa Samsung Tab 3 7 Flip Preto	capa samsung tab 		preto	
10638267	Bumper Samsung Galaxy Gran Duos Rosa	Bumper Samsung Galaxy Gran Duos Rosa			
10638277	Capa Samsung Galaxy S4 PC+TPU Samsung Branco/Transparente	Capa Samsung Galaxy S4 PC+TPU Samsung Branco/Transparente		branco	
10638299	Bumper Samsung Galaxy S3 Mini Branco/Transparente	Bumper Samsung Galaxy S3 Mini Branco/Transparente		branco	
10638304	Capa Nokia 625 TPU Preto	capa nokia 		preto	
10638331	Capa Nokia 520 TPU Gel Preto	capa nokia 		preto	
10638398	Capa Nokia X TPU Preto	Capa Nokia X TPU Preto		preto	
10638434	Capa Nokia 720 TPU Preto	capa nokia 		preto	
10638447	Capa Samsung Galaxy S4 PC+TPU Preto/Transparente	Capa Samsung Galaxy S4 PC+TPU Preto/Transparente		preto	
10638473	Capa Samsung Galaxy S4 Mini TPU Cinza	Capa Samsung Galaxy S4 Mini TPU Cinza			
10638502	Capa Nokia 620 TPU Preto	capa nokia 		preto	
10638534	Capa Samsung Galaxy Alpha PC Preto	Capa Samsung Galaxy Alpha PC Preto		preto	
10638675	Bumper Duplo Iphone 6 Preto/Verde	bumper duplo iphone 		verde	
10638737	Capa Samsung Galaxy Young PC Preto	Capa Samsung Galaxy Young PC Preto		preto	
10641160	Smart Pad	Smart Pad			
10642233	Vichy Deo Ideal Finish Desodorante Antitranspirante 48h - 50ml	vichy deo ideal finish desodorante antitranspirante 			
10642976	Arcolan Shampoo Anticaspa 20mg/g 100mL	arcolan shampoo anticaspa 			
10645012	Print Server Tp-Link Tl-Ps110p Pararelo	Print Server Tp-Link Tl-Ps110p Pararelo			
10645758	Capa Samsung Galaxy Duos Flip Preto - IDEA	Capa Samsung Galaxy Duos Flip Preto - IDEA		preto	
10645869	Capa Samsung Galaxy Gran Duos Tpu Cinza - Idea	Capa Samsung Galaxy Gran Duos Tpu Cinza - Idea			
10645875	Capa Nokia 520 TPU Gel Cinza - IDEA	capa nokia 			
10645878	Capa Nokia 620 TPU Cinza - IDEA	capa nokia 			
10646018	Capa Samsung Galaxy S4 PC Quatro Pontos Cinza - IDEA	Capa Samsung Galaxy S4 PC Quatro Pontos Cinza - IDEA			
10646032	Capa Samsung Galaxy S4 I9500 Flip Cinza - Idea	Capa Samsung Galaxy S4 I9500 Flip Cinza - Idea			
10646058	Bumper Motorola D1 Preto - Idea	Bumper Motorola D1 Preto - Idea		preto	
10650037	Soutien Corpete Modelador R. 4048	soutien corpete modelador r. 			R.
10653026	Tipoia Estofada Ms Bilateral 301 Salvapé	tipoia estofada ms bilateral 			
10653727	Powerbank Carregador Bateria Portatil Universal Pineng 10000mah - Cinza	powerbank carregador bateria portatil universal pineng 			
10654847	Box Sommier Soft Comfort Preto Com Pés Fixo, Tecido Antiderrapante - (79x198x25 Cm)	Box Sommier Soft Comfort Preto Com Pés Fixo, Tecido Antiderrapante - (79x198x25 Cm)		preto	Fixo,
10656975	Smartphone Samsung Galaxy J2 Prime TV Dourado com 8GB, Dual chip, Tela 5", TV Digital, 4G, Câmera 8MP, Android 6.0 e Processador Quad Core de 1.4 Ghz	smartphone samsung galaxy j2 prime tv  com 		dourado	8GB,chip,"5
10656982	Smartphone Samsung Galaxy J2 Prime TV Preto com 8GB, Dual chip, Tela 5", TV Digital, 4G, Câmera 8MP, Android 6.0 e Processador Quad Core de 1.4 Ghz	smartphone samsung galaxy j2 prime tv  com 		preto	8GB,chip,"5
10657016	Tornozeleira Softcast 602 Salvapé	tornozeleira softcast 			
10658266	Capa Transparente E Película Underbody Samsung Galaxy Core  Duos	Capa Transparente E Película Underbody Samsung Galaxy Core  Duos			
10658451	Capa Preta E Película Underbody Samsung Galaxy Core  Duos	Capa Preta E Película Underbody Samsung Galaxy Core  Duos			
10661575	Capa Preta E Película Underbody Samsung Galaxy Core	Capa Preta E Película Underbody Samsung Galaxy Core			
10662043	Fonte Carregador Samsung P400 P410 P500 P510 And P560 - 4.74a 90w	fonte carregador samsung p400 p410 p500 p510 and p560 - 			4.74a
10663186	3D-Men Shampoo Ativador 250ml	3d-men shampoo ativador 			
10663334	Esfera Fisioterápica Siligel 4022 Orthopauher	esfera fisioterápica siligel 			
10664390	Fonte Carregador Ibm Lenovo Thinkpad X60 Tablet - 20v 3,25a	fonte carregador ibm lenovo thinkpad x60 tablet - 			3,25a
10664423	Fonte Carregador Ibm Lenovo Thinkpad X61 Tablet - 20v 3,25a	fonte carregador ibm lenovo thinkpad x61 tablet - 			3,25a
10664425	Fonte Carregador Ibm Lenovo Thinkpad X60 Tablet - 20v 3,25a	fonte carregador ibm lenovo thinkpad x60 tablet - 			3,25a
10666318	Bateria P/ Aparelho Auditivo Power One P-10	Bateria P/ Aparelho Auditivo Power One P-10			
10666323	Calcanheira Silicone Siligel R. 1001 Orthopauher	calcanheira silicone siligel r. 			R.
10693619	Smartphone Lenovo Vibe K6 Plus Grafite com 32GB, Tela 5.5", Câmera 16MP, 4G, Dual Chip, Android 6.0, RAM de 3GB e Processador Qualcomm Octa-Core	smartphone lenovo vibe k6 plus grafite com 	6.0,		32GB,5.5","5.5
10693632	Smartphone Lenovo Vibe K6 Plus Dourado com 32GB, Tela 5.5", Câmera 16MP, 4G, Dual Chip, Android 6.0, RAM de 3GB e Processador Qualcomm Octa-Core	smartphone lenovo vibe k6 plus  com 	6.0,	dourado	32GB,5.5","5.5
11051210	Smartphone Samsung Galaxy S7 edge Black Piano com 128GB, Tela 5.5", Android 6.0, 4G, Câmera 12MP, Processador Octa-Core e 4GB RAM	smartphone samsung galaxy s7 edge black piano com 	4GB		128GB,5.5","5.5
11051263	Smartphone LG K10 Novo M250DS Titânio com 32GB, Dual Chip, Tela de 5.3" HD, 4G, Android 7.0, Câmera 13MP e Processador Octa Core de 1.5 GHz	smartphone lg k10 novo m250ds titânio com 			32GB,Chip,5.3""3.5
11051270	Smartphone LG K10 Novo M250DS Preto com 32GB, Dual Chip, Tela de 5.3" HD, 4G, Android 7.0, Câmera 13MP e Processador Octa Core de 1.5 GHz	smartphone lg k10 novo m250ds  com 		preto	32GB,Chip,5.3""3.5
11051274	Smartphone LG K10 M250DS Novo Dourado com 32GB, Dual Chip, Tela de 5.3" HD, 4G, Android 7.0, Câmera 13MP e Processador Octa Core de 1.5 GHz	smartphone lg k10 m250ds novo  com 		dourado	32GB,Chip,5.3""3.5
11051280	Smartphone LG K10 TV Power Índigo com 32GB, Dual Chip, Tela de 5,5”, HD, TV Digital, 4G, Android 7.0, Câmera 13MP e Processador Octa Core de 1.5 GHz	smartphone lg k10 tv power índigo com 			32GB,Chip,5,5”,5,5”,HD,Digital,4G,7.0,7.0,1.5
11051284	Smartphone LG K10 TV Power Titânio com 32GB, Dual Chip, Tela de 5.5" HD, TV Digital, 4G, Android 7.0, Câmera 13MP e Processador Octa Core de 1.5 GHz	smartphone lg k10 tv power titânio com 			32GB,Chip,5.5""5.5
11051299	Smartphone LG K10 Pro LGM400DF Titânio com 32GB, Dual Chip, Tela de 5.7" HD, Android 7.0, Câmera 13MP e Processador Octa Core de 1.5 GHz	smartphone lg k10 pro lgm400df titânio com 			32GB,Chip,5.7""7.5
11433803	Smartphone ASUS Zenfone 3 Max ZC553KL Cinza com 32GB, Tela de 5.5, Dual Chip, Android 6.0, 4G, Câmera 16MP, Processador Octa-Core e 3GB de RAM	smartphone asus zenfone 	3G		32GB,5.5,5.5,Chip,6.0,6.0,4G,16MP,
11482037	Smartphone Samsung Galaxy S8 Plus Dual Chip Prata com 64GB, Tela 6.2”, Android 7.0, 4G, Câmera 12MP e Octa-Core	smartphone samsung galaxy s8 plus dual chip  com 		prata	64GB,6.2”,6.2”,7.0,7.0,4G,
11482047	Smartphone Samsung Galaxy S8 Plus Dual Chip Ametista com 64GB, Tela 6.2", Android 7.0, 4G, Câmera 12MP e Octa-Core	smartphone samsung galaxy s8 plus dual chip ametista com 			64GB,6.2","2.6
11482056	Smartphone Samsung Galaxy S8 Plus Dual Chip Preto com 64GB, Tela 6.2”, Android 7.0, 4G, Câmera 12MP e Octa-Core	smartphone samsung galaxy s8 plus dual chip  com 		preto	64GB,6.2”,6.2”,7.0,7.0,4G,
11500460	Smartphone ASUS Zenfone 3 Zoom ZE553KL Preto com 64GB, Tela 5.5, Dual Chip, Android 6.0, 4G, Câmera Dual 12MP, Processador Octa-Core e 4GB de RAM	smartphone asus zenfone 	4G	preto	64GB,5.5,5.5,Chip,6.0,6.0,4G,12MP,
11516037	Smartphone Motorola Moto E4 Plus Azul Safira 16GB, Tela 5.5'', Dual Chip, Android 7.1, Bateria 5.000 mAh, Câmera 13MP, Processador Quad-Core e 2GB RAM	smartphone motorola moto e4 plus  safira 	2GB	azul	16GB,5.5'','5.5
11516052	Smartphone Motorola Moto E4 XT1763 Ouro Rose com 16GB, Tela 5'', Dual Chip, Android 7.1, 4G, Câmera 8MP, Processador Quad-Core e 2GB de RAM	smartphone motorola moto e4 xt1763 ouro rose com 	2G		16GB,'5
11516060	Smartphone Motorola Moto E4 XT1763 Titanium com 16GB, Tela 5'', Dual Chip, Android 7.1, 4G, Câmera 8MP, Processador Quad-Core e 2GB de RAM	smartphone motorola moto e4 xt1763 titanium com 	2G		16GB,'5
11516065	Smartphone Motorola Moto C Plus XT1726 Ouro com 8GB, Tela 5'', TV Digital, Dual Chip, Android 7.0, 4G, Câmera 8MP, Processador Quad-Core e 1GB de RAM	smartphone motorola moto c plus xt1726 ouro com 	1G		8GB,'5
11516082	Smartphone Motorola Moto E4 Plus Titanium 16GB, Tela 5.5'', Dual Chip, Android 7.1, Bateria 5.000 mAh, Câmera 13MP, Processador Quad-Core e 2GB de RAM	smartphone motorola moto e4 plus titanium 	2G		16GB,5.5'','5.5
11516085	Smartphone Motorola Moto E4 Plus Ouro 16GB, Tela 5.5'', Dual Chip, Android 7.1, Bateria 5.000 mAh, Câmera 13MP, Processador Quad-Core e 2GB de RAM	smartphone motorola moto e4 plus ouro 	2G		16GB,5.5'','5.5
11516093	Smartphone Motorola Moto E4 XT1763 Azul Safira com 16GB, Tela 5'', Dual Chip, Android 7.1, 4G, Câmera 8MP, Processador Quad-Core e 2GB de RAM	smartphone motorola moto e4 xt1763  safira com 	2G	azul	16GB,'5
11516095	Smartphone Motorola Moto Z2 Play Power Edition Ouro 64GB, Tela 5.5'', Dual Chip, Câmera 12MP, Android 7.1, Processador Octa-Core e 4GB de RAM	smartphone motorola moto z2 play power edition ouro 	4G		64GB,5.5'','5.5
11516099	Smartphone Motorola Moto Z2 Play Sound Edition Platinum 64GB, Tela 5.5'', Dual Chip, Câmera 12MP, Android 7.1, Processador Octa-Core e 4GB de RAM	smartphone motorola moto z2 play sound edition  	4G	platinum	64GB,5.5'','5.5
11516101	Smartphone Motorola Moto Z2 Play Sound Edition Ouro 64GB, Tela 5.5'', Dual Chip, Câmera 12MP, Android 7.1, Processador Octa-Core e 4GB de RAM	smartphone motorola moto z2 play sound edition ouro 	4G		64GB,5.5'','5.5
11516103	Smartphone Motorola Moto Z2 Play Projector Edition Platinum 64GB, Tela 5.5'', Dual Chip, Câmera 12MP, Android 7.1, Processador Octa-Core e 4GB de RAM	smartphone motorola moto z2 play projector edition  	4G	platinum	64GB,5.5'','5.5
11516105	Smartphone Motorola Moto Z2 Play XT1710 Ouro com 64GB, Tela de 5.5'', Dual Chip, Câmera 12MP, Android 7.1, Processador Octa-Core e 4GB de RAM	smartphone motorola moto z2 play xt1710 ouro com 	4G		64GB,5.5'','5.5
11516108	Smartphone Motorola Moto Z2 Play XT1710 Platinum com 64GB, Tela de 5.5'', Dual Chip, Câmera 12MP, Android 7.1, Processador Octa-Core e 4GB de RAM	smartphone motorola moto z2 play xt1710  com 	4G	platinum	64GB,5.5'','5.5
11516109	Smartphone Motorola Moto Z2 Play Power Edition Platinum 64GB, Tela 5.5'', Dual Chip, Câmera 12MP, Android 7.1, Processador Octa-Core e 4GB de RAM	smartphone motorola moto z2 play power edition  	4G	platinum	64GB,5.5'','5.5
11516120	Smartphone Motorola Moto Z2 Play XT1710 Azul Topázio com 64GB, Tela de 5.5'', Dual Chip, Câmera 12MP, Android 7.1, Processador Octa-Core e 4GB de RAM	smartphone motorola moto z2 play xt1710  topázio com 	4G	azul	64GB,5.5'','5.5
11516848	Smartphone ASUS Zenfone 3 Zoom ZE553KL Prata com 32GB, Tela 5.5, Dual Chip, Android 6.0, 4G, Câmera Dual 12MP, Processador Octa-Core e 3GB de RAM	smartphone asus zenfone 	3G	prata	32GB,5.5,5.5,Chip,6.0,6.0,4G,12MP,
11516983	Smartphone ASUS Zenfone 3 Zoom ZE553KL Rosa com 64GB, Tela 5.5, Dual Chip, Android 6.0, 4G, Câmera Dual 12MP, Processador Octa-Core e 4GB de RAM	smartphone asus zenfone 	4G		64GB,5.5,5.5,Chip,6.0,6.0,4G,12MP,
11548157	Smartphone Samsung Galaxy J7 Neo Dourado com 16GB, Tela 5.5", Câmera 13MP, TV Digital HD, Dual Chip, Android, 7.0, Processador Octa Core e 2GB RAM	smartphone samsung galaxy j7 neo  com 	2GB	dourado	16GB,5.5","5.5
11548183	Smartphone Samsung Galaxy J7 Neo Preto com 16GB, Tela 5.5", Câmera 13MP, TV Digital HD, Dual Chip, Android, 7.0, Processador Octa Core e 2GB RAM	smartphone samsung galaxy j7 neo  com 	2GB	preto	16GB,5.5","5.5
11614697	Smartphone LG K4 Novo, Titânio, X230DS,Tela de 5´´, 8GB, 8MP, OI	smartphone lg k4 novo, titânio, x230ds,tela de 			Novo,Titânio,X230DS,Te5´´,8GB,8MP,
11654012	Smartphone Asus Zenfone 3 Zoom ZE553KL Prata 64GB, Tela 5.5", Dual Chip, Câmera 13MP, 4G, Android 6.0, Processador Octa-Core e RAM de 4GB	smartphone asus zenfone 	Octa-Cor	prata	64GB,5.5","5.5
11666282	Smartphone LG Q6+ Platinum com 64GB, Tela 5.5”, Android 7.0, 4G, Câmera 13MP, Processador Octa-Core e 4GB de RAM	smartphone lg q6+  com 	4G	platinum	64GB,5.5”,5.5”,7.0,7.0,4G,13MP,
11700707	Smartphone Motorola Moto G5s Plus XT1802 Platinum 32GB, Tela 5.5'', Dual Chip, TV Digital, Android 7.1, Câmera Traseira Dupla 13MP e 3GB RAM	smartphone motorola moto g5s plus xt1802  	3GB	platinum	32GB,5.5'','5.5
11700710	Smartphone Motorola Moto G5s XT1792 Platinum com 32GB, Tela de 5.2'', Dual Chip, Android 7.1, 4G, Câmera 16MP, Processador Octa-Core e 2GB de RAM	smartphone motorola moto g5s xt1792  com 	2G	platinum	32GB,5.2'','2.5
11700714	Smartphone Motorola Moto G5s Plus XT1802 Azul Topázio 32GB, Tela 5.5'', Dual Chip, TV Digital, Android 7.1, Câmera Traseira Dupla 13MP e 3GB RAM	smartphone motorola moto g5s plus xt1802  topázio 	3GB	azul	32GB,5.5'','5.5
11700716	Smartphone Motorola Moto G5s Plus XT1802 Ouro Rosé 32GB, Tela 5.5'', Dual Chip, TV Digital, Android 7.1, Câmera Traseira Dupla 13MP e 3GB RAM	smartphone motorola moto g5s plus xt1802 ouro rosé 	3GB		32GB,5.5'','5.5
11700720	Smartphone Motorola Moto G5s XT1792 Ouro com 32GB, Tela de 5.2'', Dual Chip, Android 7.1, 4G, Câmera 16MP, Processador Octa-Core e 2GB de RAM	smartphone motorola moto g5s xt1792 ouro com 	2G		32GB,5.2'','2.5
11811144	Smartphone Motorola Moto Z2 Play GamePad Edition Platinum 64GB, Tela 5.5'', Dual Chip, Câmera 12MP, Android 7.1, Processador Octa-Core e 4GB de RAM	smartphone motorola moto z2 play gamepad edition  	4G	platinum	64GB,5.5'','5.5
11811145	Smartphone Motorola Moto Z2 Play 360 Câmera Edition Topázio 64GB, Tela 5.5'', Dual Chip, Câmera 12MP, Android 7.1, Processador Octa-Core e 4GB de RAM	smartphone motorola moto z2 play 	4G		64GB,5.5'','5.5
11822323	Smartphone Asus Zenfone 4 Max ZC554KL Preto com 16GB, Tela 5.5", Dual Chip, Câmera Traseira Dupla, 4G, Android 7.0, Processador Quad Core e 2GB RAM	smartphone asus zenfone 	2GB	preto	16GB,5.5","5.5
11822328	Smartphone Asus Zenfone 4 Max ZC554KL Gold com 16GB, Tela 5.5", Dual Chip, Câmera Traseira Dupla, 4G, Android 7.0, Processador Quad Core e 2GB RAM	smartphone asus zenfone 	2GB		16GB,5.5","5.5
11822329	Smartphone Asus Zenfone 4 Max ZC554KL Rosa com 16GB, Tela 5.5", Dual Chip, Câmera Traseira Dupla, 4G, Android 7.0, Processador Quad Core e 2GB RAM	smartphone asus zenfone 	2GB		16GB,5.5","5.5
11822336	Smartphone Asus Zenfone 4 Selfie Pro ZD552KL Preto com 64GB, Tela 5.5", Dual Chip, Câmera Frontal Dupla, Android 7.0, Processador Octa Core e 4GB RAM	smartphone asus zenfone 	4GB	preto	64GB,5.5","5.5
11822337	Smartphone Asus Zenfone 4 Selfie Pro ZD552KL Vermelho 64GB, Tela 5.5", Dual Chip, Câmera Frontal Dupla, Android 7.0, Processador Octa Core e 4GB RAM	smartphone asus zenfone 	4GB		64GB,5.5","5.5
11822340	Smartphone Asus Zenfone 4 Selfie Pro ZD552KL Gold com 64GB, Tela 5.5", Dual Chip, Câmera Frontal Dupla, Android 7.0, Processador Octa Core e 4GB RAM	smartphone asus zenfone 	4GB		64GB,5.5","5.5
11822356	Smartphone Asus Zenfone 4 Selfie ZD553KL Gold com 64GB, Tela 5.5", Dual Chip, Câmera Frontal Dupla, Android 7.0, Processador Octa Core e 4GB RAM	smartphone asus zenfone 	4GB		64GB,5.5","5.5
11822364	Smartphone Asus Zenfone 4 Max ZC554KL Rosa com 32GB, Tela 5.5", Dual Chip, Câmera Traseira Dupla, 4G, Android 7.0, Processador Octa Core e 3GB RAM	smartphone asus zenfone 	3GB		32GB,5.5","5.5
11822367	Smartphone Asus Zenfone 4 Selfie ZD553KL Preto com 64GB, Tela 5.5", Dual Chip, Câmera Frontal Dupla, Android 7.0, Processador Octa Core e 4GB RAM	smartphone asus zenfone 	4GB	preto	64GB,5.5","5.5
11822369	Smartphone Asus Zenfone 4 ZE554KL Verde com 64GB, Tela 5.5", Dual Chip, Câmera Traseira Dupla, 4G, Android 7.0, Processador Octa Core e 4GB RAM	smartphone asus zenfone 	4GB	verde	64GB,5.5","5.5
11822372	Smartphone Asus Zenfone 4 Max ZC554KL Gold com 32GB, Tela 5.5", Dual Chip, Câmera Traseira Dupla, 4G, Android 7.0, Processador Octa Core e 3GB RAM	smartphone asus zenfone 	3GB		32GB,5.5","5.5
11822373	Smartphone Asus Zenfone 4 Selfie ZD553KL Rose Gold com 64GB, Tela 5.5", Dual Chip, Câmera Frontal Dupla, Android 7.0, Processador Octa Core e 4GB RAM	smartphone asus zenfone 	4GB		64GB,5.5","5.5
11822377	Smartphone Asus Zenfone 4 Selfie ZD553KL Verde com 64GB, Tela 5.5", Dual Chip, Câmera Frontal Dupla, Android 7.0, Processador Octa Core e 4GB RAM	smartphone asus zenfone 	4GB	verde	64GB,5.5","5.5
11822381	Smartphone Asus Zenfone 4 ZE554KL Preto com 64GB, Tela 5.5", Dual Chip, Câmera Traseira Dupla, 4G, Android 7.0, Processador Octa Core e 6GB RAM	smartphone asus zenfone 	6GB	preto	64GB,5.5","5.5
11822386	Smartphone Asus Zenfone 4 Max ZC554KL Preto com 32GB, Tela 5.5", Dual Chip, Câmera Traseira Dupla, 4G, Android 7.0, Processador Octa Core e 3GB RAM	smartphone asus zenfone 	3GB	preto	32GB,5.5","5.5
11822388	Smartphone Asus Zenfone 4 ZE554KL Verde com 64GB, Tela 5.5", Dual Chip, Câmera Traseira Dupla, 4G, Android 7.0, Processador Octa Core e 6GB RAM	smartphone asus zenfone 	6GB	verde	64GB,5.5","5.5
11822392	Smartphone Asus Zenfone 4 ZE554KL Preto com 64GB, Tela 5.5", Dual Chip, Câmera Traseira Dupla, 4G, Android 7.0, Processador Octa Core e 4GB RAM	smartphone asus zenfone 	4GB	preto	64GB,5.5","5.5
11822393	Smartphone Asus Zenfone 4 ZE554KL Branco com 64GB, Tela 5.5", Dual Chip, Câmera Traseira Dupla, 4G, Android 7.0, Processador Octa Core e 4GB RAM	smartphone asus zenfone 	4GB	branco	64GB,5.5","5.5
11822405	Smartphone Asus Zenfone 4 ZE554KL Branco com 64GB, Tela 5.5", Dual Chip, Câmera Traseira Dupla, 4G, Android 7.0, Processador Octa Core e 6GB RAM	smartphone asus zenfone 	6GB	branco	64GB,5.5","5.5
11823246	Smartphone Sony Xperia XA1 G3116 Branco com 32GB, Tela 5" HD, Dual Chip, Câmera 23MP, 4G, Android 7.0, Processador Octa-Core e 3GB RAM	smartphone sony xperia xa1 g3116  com 	3GB	branco	32GB,"5
11823248	Smartphone Sony Xperia XA1 Plus G3426 Preto com 32GB, Tela 5,5", Dual Chip, Câmera 23MP, 4G, Android 7.0, Processador Octa-Core e 4GB RAM	smartphone sony xperia xa1 plus g3426  com 	4GB	preto	32GB,5,5","5,5
11823251	Smartphone Sony Xperia XA1 Plus G3426 Dourado com 32GB, Tela 5,5", Dual Chip, Câmera 23MP, 4G, Android 7.0, Processador Octa-Core e 4GB RAM	smartphone sony xperia xa1 plus g3426  com 	4GB	dourado	32GB,5,5","5,5
11823252	Smartphone Sony Xperia XZ1 G8341 Preto com 64GB, Tela 5,2", Single Chip, Câmera 19MP, 4G, Android 8.0, Processador Octa-Core e 4GB RAM	smartphone sony xperia xz1 g8341  com 	4GB	preto	64GB,5,2","2,5
11823263	Smartphone Sony Xperia XZ1 G8341 Azul com 64GB, Tela 5,2", Single Chip, Câmera 19MP, 4G, Android 8.0, Processador Octa-Core e 4GB RAM	smartphone sony xperia xz1 g8341  com 	4GB	azul	64GB,5,2","2,5
11823304	Smartphone Sony Xperia XZ1 G8341 Rose com 64GB, Tela 5,2", Single Chip, Câmera 19MP, 4G, Android 8.0, Processador Octa-Core e 4GB RAM	smartphone sony xperia xz1 g8341 rose com 	4GB		64GB,5,2","2,5
11823323	iPhone 8 Apple Plus com 64GB, Tela Retina HD de 5,5”, iOS 11, Dupla Câmera Traseira, Resistente à Água, Wi-Fi, 4G LTE e NFC - Cinza-Espacial	iphone 			64GB,5,5”,5,5”,11,Traseira,Água,Wi-Fi,
11823349	iPhone 8 Apple Plus com 256GB, Tela Retina HD de 5,5”, iOS 11, Dupla Câmera Traseira, Resistente à Água, Wi-Fi, 4G LTE e NFC - Dourado	iphone 		dourado	256GB,5,5”,5,5”,11,Traseira,Água,Wi-Fi,
11823357	iPhone 8 Apple Plus com 256GB, Tela Retina HD de 5,5”, iOS 11, Dupla Câmera Traseira, Resistente à Água, Wi-Fi, 4G LTE e NFC - Cinza-Espacial	iphone 			256GB,5,5”,5,5”,11,Traseira,Água,Wi-Fi,
11823370	iPhone 8 Apple Plus com 256GB, Tela Retina HD de 5,5”, iOS 11, Dupla Câmera Traseira, Resistente à Água, Wi-Fi, 4G LTE e NFC – Prateado	iphone 			256GB,5,5”,5,5”,11,Traseira,Água,Wi-Fi,
11823374	iPhone 8 Apple Plus com 64GB, Tela Retina HD de 5,5”, iOS 11, Dupla Câmera Traseira, Resistente à Água, Wi-Fi, 4G LTE e NFC - Dourado	iphone 		dourado	64GB,5,5”,5,5”,11,Traseira,Água,Wi-Fi,
11823380	iPhone 8 Apple Plus com 64GB, Tela Retina HD de 5,5”, iOS 11, Dupla Câmera Traseira, Resistente à Água, Wi-Fi, 4G LTE e NFC - Prateado	iphone 			64GB,5,5”,5,5”,11,Traseira,Água,Wi-Fi,
11915384	Smartphone Motorola Moto E4 XT1763 Rose com 16GB, Tela 5'', Dual Chip, Android 7.1, 4G, Câmera 8MP, Processador Quad-Core e 2GB de RAM	smartphone motorola moto e4 xt1763 rose com 	2G		16GB,'5
12138108	Smartphone Samsung Galaxy A8 Plus Ametista com 64GB, Dual Chip, Display Infinito de 6", Android 7.1, Câmera 16MP, Proteção IP68, Octa Core e RAM de 4G	smartphone samsung galaxy a8 plus ametista com 	Cor		64GB,Chip,"6
12138109	Smartphone Samsung Galaxy A8 Plus Dourado com 64GB, Dual Chip, Display Infinito de 6", Android 7.1, Câmera 16MP, Proteção IP68, Octa Core e RAM de 4GB	smartphone samsung galaxy a8 plus  com 	Cor	dourado	64GB,Chip,"6
12138110	Smartphone Samsung Galaxy A8 Plus Preto com 64GB, Dual Chip, Display Infinito de 6", Android 7.1, Câmera 16MP, Proteção IP68, Octa Core e RAM de 4GB	smartphone samsung galaxy a8 plus  com 	Cor	preto	64GB,Chip,"6
12564960	Smartphone Samsung Galaxy S9 Plus Cinza 128GB, Tela Infinita de 6.2", Dual Chip, Android 8.0, Câmera Dupla de 12MP, 6GB de RAM e Processador Octa-Core	smartphone samsung galaxy s9 plus cinza 	6G		128GB,6.2","2.6
12564961	Smartphone Samsung Galaxy S9 Plus Ultravioleta 128GB, Tela Infinita 6.2", Dual Chip, Android 8.0, Câmera Dupla de 12MP, 6GB RAM e Processador OctaCore	smartphone samsung galaxy s9 plus ultravioleta 	6GB		128GB,6.2","2.6
12564975	Smartphone Samsung Galaxy S9 Plus Preto 128GB, Tela Infinita de 6.2", Dual Chip, Android 8.0, Câmera Dupla de 12MP, 6GB de RAM e Processador Octa-Core	smartphone samsung galaxy s9 plus  	6G	preto	128GB,6.2","2.6
12669434	Smartphone Motorola Moto G6 Play XT1922 Índigo com 32GB, Tela de 5.7'', Dual Chip, Android 8.0, 4G, Câmera 13MP, Processador Octa-Core e 3GB de RAM	smartphone motorola moto g6 play xt1922 índigo com 	3G		32GB,5.7'','7.5
12669436	Smartphone Motorola Moto G6 Play XT1922 Ouro com 32GB, Tela de 5.7'', Dual Chip, Android 8.0, 4G, Câmera 13MP, Processador Octa-Core e 3GB de RAM	smartphone motorola moto g6 play xt1922 ouro com 	3G		32GB,5.7'','7.5
12727827	Smartphone Motorola Moto G6 Plus XT1926 Índigo 64GB, Tela de 5.9", Dual Chip, Android 8.0, Câmera Traseira Dupla, Processador Octa-Core e 4GB de RAM	smartphone motorola moto g6 plus xt1926 índigo 	4G		64GB,5.9","9.5
12731640	iPhone 8 Plus Apple RED Special Edition 64GB Tela Retina HD 5.5” iOS11 Câmera Dupla 12MP Vermelho	iphone 			5.5”
12731651	iPhone 8 Plus Apple RED Special Edition 256GB Tela Retina HD 5.5” iOS11 Câmera Dupla 12MP Vermelho	iphone 			5.5”
12731786	Smartphone Samsung Galaxy S8 Plus Dual Chip Prata com 64GB, Tela 6.2”, Android 7.0, 4G, Câmera 12MP e Octa-Core - CLARO	smartphone samsung galaxy s8 plus dual chip  com 		prata	64GB,6.2”,6.2”,7.0,7.0,4G,
12842697	Smartphone Motorola Moto E5 XT1944 Ouro com 16GB, Tela 5.7'', Dual Chip, Android 8.0, 4G, Câmera 13MP, Processador Quad-Core e 2GB de RAM	smartphone motorola moto e5 xt1944 ouro com 	2G		16GB,5.7'','7.5
12842708	Smartphone Motorola Moto E5 XT1944 Platinum com 16GB, Tela 5.7'', Dual Chip, Android 8.0, 4G, Câmera 13MP, Processador Quad-Core e 2GB de RAM	smartphone motorola moto e5 xt1944  com 	2G	platinum	16GB,5.7'','7.5
12950125	Smartphone Motorola Moto Z3 Play Gamepad Índigo 64GB, Tela 6'', Dual Chip, Câmera Traseira Dupla, Android 8.1, Processador Octa-Core e 4GB de RAM	smartphone motorola moto z3 play gamepad índigo 	4G		64GB,'6
22374121	Celular Alcatel Pixi 4 - 5010e Lite, Dual Chip, Tv Digital, Tela 5", 8gb, Câmera 8mp E Frontal 8mp C	celular alcatel pixi 			Lite,Chip,Digital,"5
22996794	Celular Smartphone Tp-link Neffos C5l 4g Lte 4.5" 8gb Branco	celular smartphone tp-link neffos c5l 		branco	4.5""5.4
28304576	Smartphone Motorola Moto C Plus XT1723 Dual Sim LTE 5.0´´ 16GB Câm.8MP+2MP-Preto	smartphone motorola moto c plus xt1723 dual sim lte 		preto	5.0´´Câm.8MP+2
35237715	Smartphone LG K4 Novo X230 8GB LTE Dual Sim Tela de 5.0'' -Marrom	smartphone lg k4 novo x230 			5.0'''0.5
37556831	Smartphone LG K9 TV 16GB, Tela de 5.0" HD Android 7.0 Câmera 8MP Dourado	smartphone lg k9 tv 		dourado	16GB,5.0""0.5
39512318	Smartphone Huawei Mate 10 Lite 64gb 4 Gb Ram DualSim Tela 5.9 - Dourado	smartphone huawei mate 		dourado	5.9
132118377	Smartphone Samsung Galaxy S8+ Dual Chip Android 7.0 Tela 6.2" Octa-Core 2.3 GHz 64GB Câmera 12MP - Preto	smartphone samsung galaxy s8+ dual chip android 		preto	7.06.2""2.6
132931253	Smartphone Samsung Galaxy S8+ 64GB - Preto + Gear VR com controle 2	smartphone samsung galaxy s8+ 		preto	
133274881	Smartphone Samsung Galaxy J7 Prime 2 Dual Chip Android 7.1 Tela 5.5" Octa-Core 1.6GHz 32GB 4G Câmera 13MP com TV - Dourado	smartphone samsung galaxy j7 prime 		dourado	7.15.5""5.5
133274988	Smartphone Samsung Galaxy S9+ Dual Chip Android 8.0 Tela 6.2" Octa-Core 2.8GHz 128GB 4G Câmera 12MP Dual Cam - Ultravioleta	smartphone samsung galaxy s9+ dual chip android 			8.06.2""2.6
686521708	Smartphone Lg K10 Novo 2017 32gb E 2g Ram +  Frete Grátis	smartphone lg k10 novo 	2g		
700299298	Motorola Moto G5s 32gb G 5s Xt1794 2chip 4g Tela 5.2 16mp Nf	motorola moto g5s 			5.2
702970930	Samsung Galaxy S5 Original G900m Original	Samsung Galaxy S5 Original G900m Original			
708769702	Lançamento Smartphone Cat S61 Tela 5.2 64gb 4g Dual Sim	lançamento smartphone cat s61 tela 			5.2
717103137	Celular Motorola Moto G6 Play Xt1922 4g 32gb Dual Android 8	celular motorola moto g6 play xt1922 			
727798920	Motorola I867 Ferrari	Motorola I867 Ferrari			
735473636	Celular Motorola Moto G6 Plus Dual 64gb 4gbram Tv Xt1926-8	celular motorola moto g6 plus dual 	4g		
739496796	Samsung Galaxy Pocket 2 Duos G110 - Android 3g - Novo	samsung galaxy pocket 			
751387542	Samsung Galaxy S5 Duos 4g Sm G900md Original Seminovo Nfe	samsung galaxy s5 duos 			
755779461	Samsung Galaxy S5 Branco G900m 16gb 4g Desbloqueado Seminovo	samsung galaxy s5  g900m 		branco	
760950989	Samsung Galaxy J5 Prime 32gb Dourado Nota Fiscal	samsung galaxy j5 prime 		dourado	
773530472	Motorola Moto G Xt1032 8gb Single Chip Desbloqueado - Novo	motorola moto g xt1032 			
778531875	Novo Motorola Moto G5s Plus Xt1802 32gb 13mp 4g Rose +nf	novo motorola moto g5s plus xt1802 			
780539443	Celular Xiaomi Redmi Mi A1 4g Dual 64gb 4gb Ram 5.5' Lacrado	celular xiaomi redmi mi a1 	4gb		5.5''5.5
794323295	Smartphone Cat Caterpillar S60 Lte 32gb !! Pronta Entrega !!	smartphone cat caterpillar s60 lte 			
795691568	Smartphone Celular Caterpillar Cat S60 32gb Câm Térmica 4g	smartphone celular caterpillar cat s60 			
807959902	Iphone 6 16gb Apple Tela 4,7 Original Apple Bluetooth	iphone 			4,7
807960504	Iphone 6 16gb Apple Tela 4,7 Garantia Novo Original Apple	iphone 			4,7
811025694	Sony Xperia Xz1 Compact 32gb G8441 4g 4gb Ram Snapdragon 835	sony xperia xz1 compact 	4gb		
812468070	Celular Iphone 5s 32gb Desbloqueado 100% Funcionando 3g 4g B	celular iphone 			
813520073	Samsung Galaxy S5 Branco 16gb 4g G900m Desbloqueado Seminovo	samsung galaxy s5  		branco	
820675577	Celular Lg K10 Dual 4g Tela 5.3 2gb Ram 2  Câmeras Android 7	celular lg k10 dual 	2gb		5.3
823209286	Celular Caterpillar Cat S60 32gb Cam Térmica 4g Original	celular caterpillar cat s60 			
824511715	Imbativel Corra ! Motorola Moto G5 Xt1676 4g Orig+brinde+nf	imbativel corra ! motorola moto g5 xt1676 			
834154768	Samsung A510 Galaxy A5 2016 Anatel Nf 16gb Dourado I Vitrine	samsung a510 galaxy a5 		dourado	
834156055	Samsung G935 Galaxy S7 Edge 32gb Preto 4g Original I Vitrine	samsung g935 galaxy s7 edge 		preto	
840749892	Motorola Xt1626 Moto G4 Dual Chip 16gb 4g  Preto | Novo	motorola xt1626 moto g4 dual chip 		preto	
841439651	Celular Lg K10 Novo 2017 4g M250ds 32gb Titânio Tela 5,3	celular lg k10 novo 			5,3
849470172	Celular Motorola Moto G6 Play Xt1922 4g 32gb Dual Android 8	celular motorola moto g6 play xt1922 			
853248747	Smartphone Motorola Moto C Plus 16gb Mem 4g Dual 2gb Ram	smartphone motorola moto c plus 	2gb		
853252755	Celular Motorola Moto C 16g Plus Quad Core Dual Sim Tela 5	celular motorola moto c 			
853254183	Smartphone Motorola Moto C Plus 16gb Mem 4g Dual 2gb Ram	smartphone motorola moto c plus 	2gb		
860923407	Samsung Galaxy S5 G900 Original 16gb Semi Novo	samsung galaxy s5 g900 original 			
865315186	Promoção  Celular Samsung Galaxy S6 Edge 64gb G925 - Vitrine	promoção  celular samsung galaxy s6 edge 			
873764184	Samsung Galaxy Grand Prime+ Plus Lacrado 4g Melhor J2 J3 J5	samsung galaxy grand prime+ plus lacrado 			
875521822	Celular Lg K10 4g Original Lacrado Octacore16gb Tela5.3 Nota	celular lg k10 			Tela5.3
875719829	Celular Samsung Galaxy J7 Neo Tela 5.5 + Flash Frontal	celular samsung galaxy j7 neo tela 			5.5
886734430	Samsung Galaxy S5 Mini Duos G800 16gb Dual Chip - Vitrine	samsung galaxy s5 mini duos g800 			
888708040	Smartphone Samsung Galaxy S6 Edge G925i 32gb Preto (vitrine)	smartphone samsung galaxy s6 edge g925i 		preto	
895482381	Motorola Moto G5 Xt1671 | 32gb | Dual | Android 7.0 |	motorola moto g5 xt1671 | 			7.0
896630415	Celular Motorola Moto C Plus  Dual Sim 16gb Tela 5 | 2gb Ram	celular motorola moto c plus  dual sim 	2gb		
897909000	Test Item (no Ofertar) Iphone 4 8gb Nuevo	test item (no ofertar) iphone 			
903537241	Celular Samsung Galaxy J7 Neo Tela 5.5 + Tv Digital	celular samsung galaxy j7 neo tela 			5.5
910763540	Samsung Galaxy S8 5.8in 64gb Câmera 12mp+8mp Ametista	samsung galaxy s8 			5.8in
914278399	Apple Iphone 5s 16gb 4g 100% Original  Promoção Envio Já	apple iphone 			
920970470	Zenfone 4 Selfie Dourado Asus 4g 64gb 4gb 20+8 Mp - Zd553kl	zenfone 		dourado	
925429672	Iphone 6 16gb 4'7 8mp Desbl. Apple Original, A Vista R$1.249	iphone 			'4
925541875	Smartphone Samsung Galaxy J7 Pro 64gb 4g J730 12x Sem Juros	smartphone samsung galaxy j7 pro 			
925541897	Smartphone Samsung Galaxy J7 Pro 64gb 4g J730 Desbloqueado	smartphone samsung galaxy j7 pro 			
925548096	Celular Samsung Galaxy J5 Pro Sm-j530g Dual Chip Preto	Celular Samsung Galaxy J5 Pro Sm-j530g Dual Chip Preto		preto	
925551885	Celular Samsung Galaxy J5 Pro Sm-j530g Dual Chip Dourado	Celular Samsung Galaxy J5 Pro Sm-j530g Dual Chip Dourado		dourado	
926801056	Celular Motorola G5 32gb Android Tela 5 Câmera 13mp + Fone	celular motorola g5 			
927962384	Celular Lg K10 Power M320tv 32gb Tela 5.5'' Azul Indigo 4g	celular lg k10 power m320tv 		azul	5.5'''5.5
928464267	Motorola Moto C Plus Xt1723 Dual Chip 16gb Preto Dourado	motorola moto c plus xt1723 dual chip 		preto	
928765806	Lançamento Xiaomi Redmi S2 64gb Dual Sim Rom Global Oreo 8.1	lançamento xiaomi redmi s2 			8.1
929580295	Iphone 8 64gb Novo Lacrado Anatel Garantia Pela Apple 1 Ano	iphone 			
930230864	Xiaomi Mi A2 Lite 64gb 4gb Dual Chip Tela 5,84' - Rom Global	xiaomi mi a2 lite 			5,84''48,5
930234729	Xiaomi Mi 8 64gb 6gb Dual Tela 6,2 Snapdragon 845 Rom Global	xiaomi mi 			6,2
933654808	Celular Xiaomi Mi A1 Tela 5.5 4gb Ram 64gb 2 Chips Android	celular xiaomi mi a1 tela 	4gb		5.5
934735632	Smartphone Samsung Galaxy S8+ Dourado Tela 6,2  Android 7.0	smartphone samsung galaxy s8+  tela 		dourado	6,27.0
937589848	Iphone 7 128gb 4g 4'7 12mp 4k Touchid Apple Rfb Desbloqueado	iphone 			'4
938747422	Smartphone Samsung Galaxy J7 Pro Preto Tela 5,5'' Android 7.	smartphone samsung galaxy j7 pro  tela 		preto	5,5'''5,5
941562066	Celular Motorola Moto G5 Xt1671 32gb Dual Original	celular motorola moto g5 xt1671 			
941980041	* Mega Promoção * Samsung Galaxy S6 Edge G925 32gb -vitrine	* mega promoção * samsung galaxy s6 edge g925 			
949335833	Smartphone Samsung Galaxy S8+ Dourado Tela 6,2  Android 7.0	smartphone samsung galaxy s8+  tela 		dourado	6,27.0
949937239	Smartphone Samsung Galaxy S9 128gb Preto - Lacrado C/nf	smartphone samsung galaxy s9 		preto	
952975159	Xiaomi Mi A2 Lite 32gb 3gb Dual Chip Tela 5,84' - Rom Global	xiaomi mi a2 lite 			5,84''48,5
961199439	Xiaomi Mi A2 64gb 4gb 20mp Tela 5,99' Snapdragon 660 Android	xiaomi mi a2 			5,99''99,5
963492882	Iphone 6 64gb Apple Original 4g 4'7 Rfb Desb A Vista R$1.499	iphone 			'4
963575260	Moto G5s Ouro Motorola Tela 5,2 4g 32gb 16mp - Xt1792	moto g5s ouro motorola tela 			5,2
963744829	Smartphone Celular Original Lg K4 8gb 2017 2 Chips Quad Core	smartphone celular original lg k4 			
963749292	Iphone X 64gb Novo Lacrado Cpo Original Garantia 1 Ano Apple	iphone x 			
964921219	Xiaomi Mi A1 5x Dual Chip 64gb 4gb Ram 4g - Dourado Ou Preto	xiaomi mi a1 	4gb	preto	
966223464	Relógio Samsung Gear S3 Sm-r770 Classic Wifi Bluetooth	Relógio Samsung Gear S3 Sm-r770 Classic Wifi Bluetooth			
966734967	Celular Xiaomi Redmi Note 5 64gb 4gb Ram 5.9p 12mp Nfe Novo	celular xiaomi redmi note 	4gb		5.9p
966738228	Celular Xiaomi Redmi Note 5 64gb 4gb Ram 5.9 Nfe Novo 12x Sj	celular xiaomi redmi note 	4gb		5.9
969496999	Samsung Galaxy J7 Prime G610f | 32gb Octa-core + Nota Fiscal	samsung galaxy j7 prime g610f | 			
970994725	Celular Galaxy J7 Pro 64gb Dourado + Cartão Sd 8gb Grátis	celular galaxy j7 pro 		dourado	
971104886	Celular Galaxy J7 Pro 64gb Preto + Cartão Sd 8gb Grátis	celular galaxy j7 pro 		preto	
971694246	Celular Galaxy J2 Prime 4g Samsung Smartphone 8gb Original	celular galaxy j2 prime 			
976888913	Xiaomi Mi A2 32gb 4gb 20mp Tela 5,99' Snapdragon 660 Android	xiaomi mi a2 			5,99''99,5
978614387	Celular Caterpillar Cat S60 Dual Chip 32gb 4g 100%original	celular caterpillar cat s60 dual chip 			
979396465	Celular Samsung Galaxy A8 2018 Sm-a530f 64gb Preto	celular samsung galaxy a8 		preto	
980916995	Celular Samsung Galaxy J5 Prime 32gb Biometria 13mp +brindes	celular samsung galaxy j5 prime 			
981152333	Motorola Moto G5 Xt1671 32gb Dual Sim Android 7.0 13mpx/5mpx	motorola moto g5 xt1671 			7.0
983449457	Iphone X 64gb Apple Lacrado	iphone x 			
984629862	Celular Lg K4 Novo 2017 Dual Sim 8gb Tela 5.0 8mp/4mp Cinza	celular lg k4 novo 			5.0
985195190	Celular Lg K10 Novo 2017 4g M250ds 32gb Tela 5,3 Original	celular lg k10 novo 			5,3
987869736	Celular Samsung Galaxy J2 Pro Android 7.1 Tela 5 16gb	celular samsung galaxy j2 pro android 			7.1
988804788	Xiaomi Redmi 5 Plus 64gb 4gb Dual Chip Rom Global Tela 5,99'	xiaomi redmi 			5,99''99,5
989085729	Smartphone Motorola Moto Z2 Play Polaroid Edition Dualchip	Smartphone Motorola Moto Z2 Play Polaroid Edition Dualchip			
992802586	Apple Iphone 7 128gb Original 4g Nacional 12mpx Ios| Vitrine	apple iphone 			
993672482	Smartphone Apple Iphone 5c 16gb Original Apple	smartphone apple iphone 			
994413047	Lançamento Xiaomi Redmi S2 32gb Dual Sim Rom Global Oreo 8.1	lançamento xiaomi redmi s2 			8.1
994917584	Celular Samsung Galaxy J2 Prime 16gb Dual Sim Cam 8mp Wifi	celular samsung galaxy j2 prime 			
995484943	Xiaomi Mi A2 Lite 64gb 4gb Dual Chip Tela 5.84 Rom Global	xiaomi mi a2 lite 			5.84
996979135	Smartphone Apple Iphone 8 Plus 64gb Tela 5,5	smartphone apple iphone 			5,5
1001010116	Xiaomi Redmi 5 Plus 32gb 3gb Dual Chip Rom Global Tela 5,99'	xiaomi redmi 			5,99''99,5
1002167408	Celular Smartphone Samsung Galaxy S9+ Preto 128gb	celular smartphone samsung galaxy s9+  		preto	
1002289092	Iphone X 64gb Prata Envio Imediato 1 Ano Garantia Brasil	iphone x 		prata	
1005562800	Samsung Galaxy A7 2017 A720f Preto 32gb.7 4g 16mp 3gb+ Nota	samsung galaxy a7 		preto	32gb.7
1005566988	Smartphone Samsung Galaxy J2 Pro Preto, Tela 5  Android 7.1,	smartphone samsung galaxy j2 pro , tela 		preto	Preto,7.1,7.1,
1006396800	Smartphone Motorola Moto E4 Plus Xt1771 Xt1773 16gb 5.5 Gold	smartphone motorola moto e4 plus xt1771 xt1773 			5.5
1007140648	Promoção Xiaomi Redmi Note 5 4gb Ram 64gb + Full Cover	promoção xiaomi redmi note 	4gb		
1007191413	Smartphone Samsung Galaxy J7 Pro 2017 Sm-j730gm Dual Sim 32g	smartphone samsung galaxy j7 pro 			
1008316441	Motorola Moto G5s Xt1792 Anatel 32gb Nf-e Dourado I Vitrine	motorola moto g5s xt1792 anatel 		dourado	
1008654818	Smartphone Motorola Moto C Plus Android 7.0 16gb Dual Chip	smartphone motorola moto c plus android 			7.0
1010087924	Celular Samsung Galaxy J2 Pro Dourado Android 7.1 16gb	celular samsung galaxy j2 pro  android 		dourado	7.1
1011117609	Samsung A7 2017 64gb Novo A720 Lacrado Anatel 3gb Ram 16mp	samsung a7 	3gb		
1012139183	Smartphone Xiaomi Redmi Mi A2 Lite 64gb Dual 4gb Ram Global	smartphone xiaomi redmi mi a2 lite 	4gb		
1012568407	Smartphone Samsung A530f Galaxy A8 Duos Dual Tela 5.6 64gb	smartphone samsung a530f galaxy a8 duos dual tela 			5.6
1012572119	Smartphone Samsung A530f Galaxy A8 Duos Dual Tela 5.6 64gb	smartphone samsung a530f galaxy a8 duos dual tela 			5.6
1014722214	Celular Samsung Galaxy J5 Prime 32gb Biometria 13mp +brindes	celular samsung galaxy j5 prime 			
1015544035	Celular Xiaomi Mi A2 Lite 64gb 4g Ram  Lacrado Envio 24hs	celular xiaomi mi a2 lite 	4g		
1015970159	Motorola Moto G6 Play 32gb Tela 5,7 Xt1922-5 Nota + Brinde	motorola moto g6 play 			5,7
1016700656	Samsung Galaxy S9 Plus 128gb 6gb Ram Nacional + Nf	samsung galaxy s9 plus 	6gb		
1017031802	Samsung A8 + Plus A730 Lançamento 64gb Tela 6 Novo 4gb Ram	samsung a8 + plus a730 lançamento 	4gb		
1017600822	Celular Samsung Galaxy J5 Prime Rose G570m Tela 5  32gb 13mp	celular samsung galaxy j5 prime rose g570m tela 			
1017636908	Celular Motorola Moto G6 Play Índigo Android 8.0 32gb 4g	celular motorola moto g6 play índigo android 			8.0
1018417200	Smartphone Moto C Xt1758 16gb Tela 5 5mp/2mp 100%original	smartphone moto c xt1758 			
1018571570	Smartphone Motorola Moto G6 Play 32gb Índigo Xt1922/i	smartphone motorola moto g6 play 			
1018580732	Smartphone Motorola Moto G6 Plus 64gb Índigo Xt1926/i	smartphone motorola moto g6 plus 			
1018669203	Motorola Moto G5s Plus Dual 32gb 5.5 13+13mp/8mp - Novo	motorola moto g5s plus dual 			5.5
1020035570	Smartphone Motorola Moto G6 Plus 64gb 4gb Octacore - Índigo	smartphone motorola moto g6 plus 			
1022175797	Relógio Samsung S3 Frontier + 2 Pulseiras Extras	relógio samsung s3 frontier + 			
1022593405	Apple Iphone 8 64gb (lacrado Original) - Red (vermelho)	apple iphone 			
1022775862	Celular  Samsung Galaxy J7 Prime 2 32gb Preto + Tv Digital	celular  samsung galaxy j7 prime 		preto	
1023148781	Iphone 6 Plus 64gb Tela 5'5 12mp 4k Touchid Apple Rfb Desbl.	iphone 			'5
1023339086	Smartphone Samsung Galaxy J7 Neo Tv Tela 5.5 , Android	smartphone samsung galaxy j7 neo tv tela 			5.5,
1023779967	Iphone 8 Plus 64gb 4g Com 1 Ano Garantia Apple Nota Fiscal	iphone 			
1023790534	Celular Galaxy J7 Neo Tv Tela 5.5 Android + Brinde	celular galaxy j7 neo tv tela 			5.5
1024119613	Samsung Galaxy S9+	Samsung Galaxy S9+			
1025208041	Motorola Xt1710 Moto Z2 Play Dual Chip 64gb Original | Novo	motorola xt1710 moto z2 play dual chip 			
1025788464	Celular Motorola Moto G6 Plus 64gb 4gb Octacore 2.2ghz	celular motorola moto g6 plus 			2.2ghz
1026490748	Motorola Moto G6 Plus Dual Android 8.0 5.9  64gb 4g 12mp	motorola moto g6 plus dual android 			8.05.9
1027402963	Celular Smartphone Motorola Moto C Xt1750 8gb Dual Chip	celular smartphone motorola moto c xt1750 			
1027914836	Celular Samsung Galaxy S9 Plus Preto 128gb Tela Infinita 6.2	celular samsung galaxy s9 plus  		preto	6.2
1028671459	Celular Motorola Moto G6 Play Índigo Android 8.0 32gb 4g	celular motorola moto g6 play índigo android 			8.0
1029075911	Celular Smartphone Motorola Moto Z2 Play 64gb Gold Xt1710-08	celular smartphone motorola moto z2 play 			
1029180893	Motorola Moto G6 Play 32gb Índigo Xt1922 Leia Anuncio	motorola moto g6 play 			
1029807147	Celular Smartphone Moto E4 Plus 5.5 16gb Biometria Dual Sim	celular smartphone moto e4 plus 			5.5
1029834904	Motorola Xt1925-3 Moto G6 32gb Nf Garantia Leia Anuncio	motorola xt1925-3 moto g6 			
1030257890	Celular Smartphone Galaxy S9 +(plus) 128 Gb Preto	celular smartphone galaxy s9 +(plus) 		preto	
1030654364	Smartphone Samsung Galaxy J7 Neo 16gb Tv Dual Octa Dourado	smartphone samsung galaxy j7 neo 		dourado	
1030654602	Smartphone Samsung Galaxy J7 Neo 16gb Tv Dual Octa Preto	smartphone samsung galaxy j7 neo 		preto	
1031248030	Celular Xiaomi Redmi 6 32gb 3gb 12mp 5.45´´ Original Global	celular xiaomi redmi 			5.45´´
1031580444	Smartphone Sony Xperia Xa1 Ultra G3223 32gb 1sim	smartphone sony xperia xa1 ultra g3223 			
1032064086	Celular Moto G6 Play Dual Chip 5.7  32gb 4g 13mp	celular moto g6 play dual chip 			5.7
1032068768	Celular Lg K10 Power Lgm320tv Dual Chip 4g Wi-fi	celular lg k10 power lgm320tv dual chip 			
1032968329	Xiaomi Mi A2 Global 4gb Ram 64gb 20mp Snapdragon 660 Android	xiaomi mi a2 global 	4gb		
1034138281	Apple Iphone 6 64gb Rfb Lacrado! Oferta Imperdível! Confira!	apple iphone 			
1034382580	Smartphone Lg K10 Novo M250ds Dourado Novo Com Nota Fiscal	Smartphone Lg K10 Novo M250ds Dourado Novo Com Nota Fiscal		dourado	
1034867417	Celular Galaxy J7 Pro Preto + Office 365 Personal 1tb	celular galaxy j7 pro  + office 		preto	
1035166074	Smartphone Alcatel A3 Xl Max Dourado 32gb 3gb Ram Quad-core	smartphone alcatel a3 xl max  	3gb	dourado	
1037288883	Xiaomi Redmi Note 5 64gb Dual Global + Combo + Nota Fiscal	xiaomi redmi note 			
1038303269	Celular Lg K4 8gb X230ds 2017 Dual Sim 8mpx 5  Novo Original	celular lg k4 			
1039501711	Celular Samsung Galaxy J7 Prime 2 32gb Dourado + Tv Digital	celular samsung galaxy j7 prime 		dourado	
1039992757	Celular Samsung Galaxy J7 Prime 2 32gb Dourado + Tv Digital	celular samsung galaxy j7 prime 		dourado	
1040053392	Celular  Samsung Galaxy J7 Prime 2 32gb Preto + Tv Digital	celular  samsung galaxy j7 prime 		preto	
1041490991	Celular Smartphone Lg K4 Android Barato 2017 Whats Original	celular smartphone lg k4 android barato 			
1043016246	Apple Iphone 6 64gb Novo Lacrado Com Nota Fiscal	apple iphone 			
1043103938	Motorola Moto G6 Plus Dual Android 8.0 5.9 64gb 4g 12mp	motorola moto g6 plus dual android 			8.05.9
1043437119	Celular New 100% Original Motorola Moto Z2 Play 64gb Xt1710	celular new 			
1043503732	Celular Xiaomi Redmi 5 Tela 5,7 Global 3gb Ram 32gb Interno	celular xiaomi redmi 	3gb		5,7
1043871865	Celular Positivo Twist Mini Tela 4.0 8mp 8gb 3g Android 6.0	celular positivo twist mini tela 			4.06.0
1043880948	Celular Samsung Galaxy A8 Plus 6  64gb 4g 16mp	celular samsung galaxy a8 plus 			
1044252530	Iphone 8 Plus Apple 64gb Retina Hd 5,5 Ios 11 4g Espacial	iphone 			5,5
1044473677	Smartphone Motorola Moto Z3 Play Stereo Speaker 64gb Tela 6	smartphone motorola moto z3 play stereo speaker 			
1045287169	Oneplus 6 128gb Dual Chip Tela 6.28 8gb 16mpx Original Nf	oneplus 			6.28
1045487943	Motorola Xt1900 Moto X4 Dual 32gb 4g Nf-e Original | Novo	motorola xt1900 moto x4 dual 			
1046397164	Smartphone Motorola Moto G6 Play 32gb 3gb Octacore - Ouro	smartphone motorola moto g6 play 			
1046781531	Iphone 8 64gb Vermelho Lacrado Nf Anatel 3388,88 Avista	iphone 			3388,88
1046787831	Motorola Moto G6 Play Xt1922 Nf Lacrado	Motorola Moto G6 Play Xt1922 Nf Lacrado			
1047430612	Smartphone Motorola Moto Z3 Play 64gb Indigo Lacrado	smartphone motorola moto z3 play 		indigo	
1047643671	Iphone 6 16gb Original Desbloqueado Usado 100% Funcionando C	iphone 			
1047657004	Smartphone Samsung Galaxy S8 + Plus Tela 6.2 Dual Sim 64gb	smartphone samsung galaxy s8 + plus tela 			6.2
1047753461	Celular Smartphone Motorola Moto Z3 Play Indigo Tela 6	celular smartphone motorola moto z3 play  tela 		indigo	
1047753466	Celular Smartphone Motorola Moto Z3 Play Indigo Tela 6	celular smartphone motorola moto z3 play  tela 		indigo	
1047891834	Smartphone Motorola Moto G6 Plus 64gb 4gb Octacore - Índigo	smartphone motorola moto g6 plus 			
1048953863	Samsung A7 2017 A720f Promoção Semi Novo Nf Anatel Garantia	samsung a7 			
1049178770	Celular Motorola Moto Z3 Play 64gb Indigo	celular motorola moto z3 play 		indigo	
1049234402	Celular Smartphone Samsung Galaxy S9+ Cinza Tela 6.2  128gb	celular smartphone samsung galaxy s9+ cinza tela 			6.2
1050050349	Smartphone Xiaomi Redmi Note 4 32gb 3gb Ram Dual Chip Global	smartphone xiaomi redmi note 	3gb		
1050184472	Smartphone Motorola Moto G6 Play Dourado 32 Gb Xt1922/o	smartphone motorola moto g6 play  		dourado	
1050993172	Celular Samsung Galaxy J7 Prime 2 32gb  + Tv Digital Nf	celular samsung galaxy j7 prime 			
1051307693	Smartphone Xiaomi Redmi Note 5 64gb Mem 4gb Ram Dual 5.99pol	smartphone xiaomi redmi note 	4gb		5.99pol
1051493880	Smartphone Caterpillar Cat S60 32gb 4g Original Com Nf-e	smartphone caterpillar cat s60 			
1051654890	Smartphone Motorola Moto C Plus Xt1723 Dualchip16gb Original	Smartphone Motorola Moto C Plus Xt1723 Dualchip16gb Original			
1052217524	Smartphone Motorola Moto Z3 Play Power Pack Dtv 64gb Índigo	smartphone motorola moto z3 play power pack dtv 			
1052937921	Smartphone Samsung Galaxy S7 Edge 128gb Blackpiano+ Nota	smartphone samsung galaxy s7 edge 			
1052963468	Celular Samsung J400m Galaxy J4 Preto 32 Gb	celular samsung j400m galaxy j4  		preto	
1053117552	Smartphone Motorola Moto E5 Plus Dual Chip Prom Dia Das Cria	Smartphone Motorola Moto E5 Plus Dual Chip Prom Dia Das Cria			
1053875247	Smartwatch Samsung Gear S3 Frontier 1.3 Bluetooth - Original	smartwatch samsung gear s3 frontier 			1.3
1054308274	Celular Samsung J400m Galaxy J4 Preto 16 Gb	celular samsung j400m galaxy j4  		preto	
1054424394	Celular Motorola Moto G6 Play 32gb 4g Android 8.0 Índigo	celular motorola moto g6 play 			8.0
1055309712	Smartphone Xiaomi Redmi Note 5 32gb Mem 3gb Ram Dual 5.99pol	smartphone xiaomi redmi note 	3gb		5.99pol
1056180430	Smartphone Motorola Moto G6 Play Dourado 32 Gb Xt1922	smartphone motorola moto g6 play  		dourado	
1056284560	Xiaomi Mi Mix 2s Global Branco 64gb, Pronta Entrega!	xiaomi mi mix 		branco	64gb,
1056643341	Motorola Moto G6 Play Xt1922 Novo Lacrado Anatel Nf Dourado	Motorola Moto G6 Play Xt1922 Novo Lacrado Anatel Nf Dourado		dourado	
1057683586	Smartphone Huawei P20 Lite Lx3 Single Sim 32gb Lacrado	smartphone huawei p20 lite lx3 single sim 			
1059557528	Xiaomi Redmi Note 5 64gb / 4gb Ram V. Global	xiaomi redmi note 	4gb		V.
1059858676	Promoção Celular Xiaomi Redmi Note 5 64gb 4gb Android Note5	promoção celular xiaomi redmi note 			
1059858753	Novo Celular Xiaomi Redmi Note 5 64gb 4gb Ram Versão Global	novo celular xiaomi redmi note 	4gb		
1060033912	Celular Motorola Moto G6 Play 32gb 4g Android 8.0 Dourado	celular motorola moto g6 play 		dourado	8.0
1060850452	Iphone 8 64gb Lacrado Nf	iphone 			
1060863433	Motorola Moto G6 Plus Dual Android 8.0 5.9  64gb 4g 12mp	motorola moto g6 plus dual android 			8.05.9
1062350976	Celular Iphone 7 32gb Original Apple Vitrine Nf Desbloqueado	celular iphone 			
1064164028	Apple Iphone X 256gb Preto - Lacrado Garantia 1 Ano	apple iphone x 		preto	
1064689264	Celular Smartphone Moto E4 Plus 5.5 16gb Biometria Dual Sim	celular smartphone moto e4 plus 			5.5
1064788363	Smartphone Motorola Moto Z3 Play 128gb Dual Android 8.1 Ônix	smartphone motorola moto z3 play 			8.1
1064790531	Smartphone Motorola Moto Z3 Play 128gb Dual Android 8.1 Ônix	smartphone motorola moto z3 play 			8.1
1065114159	Apple Iphone 8 64gb - Lacrado - Anatel	apple iphone 			
1065283874	Celular Caterpillar Cat S60 Dual Chip 32gb 4g Original C/ Nf	celular caterpillar cat s60 dual chip 			
1065619626	Celular Samsung Galaxy J5 Pro Sm-j530g Dual Chip Dourado	Celular Samsung Galaxy J5 Pro Sm-j530g Dual Chip Dourado		dourado	
1065634090	Celular Samsung Galaxy J7 Prime 2 32gb Dourado + Tv Digital	celular samsung galaxy j7 prime 		dourado	
1065636329	Celular  Samsung Galaxy J7 Prime 2 32gb Preto + Tv Digital	celular  samsung galaxy j7 prime 		preto	
1066069947	Celular Samsung J400m Galaxy J4 Preto 32 Gb	celular samsung j400m galaxy j4  		preto	
1066788444	Smartphone Xiaomi Mi Mix 2s Dual Sim 64gb-5.99 12mp  Preto	smartphone xiaomi mi mix 		preto	64gb-5.99
1066929534	Celular Motorola Moto G6 Play 32gb Android 8 4g+microsd 16gb	celular motorola moto g6 play 			
1068576850	Apple Iphone 8 64gb - Vitrine Garantia 3 Meses Promoção.	apple iphone 			Promoção.
1068666965	Celular Novo Xiaomi Redmi Note 5 64gb Pro 4gb Ram Global 4g	celular novo xiaomi redmi note 	4gb		
1068667284	Celular Original Xiaomi Redmi Note 5 64gb Pro 4gb Ram Global	celular original xiaomi redmi note 	4gb		
1069221420	Smartphone Samsung Galaxy J7 Prime 2 Dourado 32gb Dual Chip	smartphone samsung galaxy j7 prime 		dourado	
1071902269	Smartphone Motorola Moto G6 Plus 64gb Azul Topázio	smartphone motorola moto g6 plus 		azul	
1071912689	Samsung Galaxy S5 G900m 16gb Original Usado Mancha Na Tela	samsung galaxy s5 g900m 			
1072694604	Smartphone Motorola Moto G6 Plus 64gb Octacore2.2ghz Topazio	smartphone motorola moto g6 plus 			Octacore2
1072947381	Samsung Galaxy S9+ S9 Plus Anatel 128gb Lacrado Nf Garantia	samsung galaxy s9+ s9 plus anatel 			
1074084470	Smartphone Xiaomi Redmi Note 5 64gb Mem 4gb Ram Dual 5.99pol	smartphone xiaomi redmi note 	4gb		5.99pol
1074517610	Celular Xiaomi Redmi 6 32gb 3gb Ram Dual Camera Novo Lacrado	celular xiaomi redmi 	3gb		
1074965120	Smartphone Lenovo K8 Plus 32gb Mem 3gb Ram Dual 4g 5.2pol	smartphone lenovo k8 plus 	3gb		5.2pol
1075447621	Smartphone Meizu M5c Dual Sim 4g 2gb Ram 16gb - Preto	smartphone meizu m5c dual sim 	2gb	preto	
1075757006	Samsung Galaxy S9 Tela 5,8 128gb 12mp Original Anatel + Nf	samsung galaxy s9 tela 			5,8
1075829522	Smartphone Samsung Galaxy A7 2017 64gb Rosa	smartphone samsung galaxy a7 			
1076567935	Smartphone Xiaomi Mi A2 Lite Global 4gb Ram 64gb P/ Entrega	smartphone xiaomi mi a2 lite global 	4gb		
1076682620	Samsung Galaxy S9 128gb 5.8 2.8ghz  12mp Lacrado Anatel +nfe	samsung galaxy s9 			5.82.8ghz
1077145209	Celular Motorola Moto G5 Xt1677 Dual Sim 16gb Android 7.0	celular motorola moto g5 xt1677 dual sim 			7.0
1077147848	Celular Xiaomi Mi A2 64gb 4g Ram C\nota Black Novo Lacrado	celular xiaomi mi a2 	4g		
1077157052	Celular Xiaomi Mi A2 64gb 4g Ram C\nota Black Novo Lacrado	celular xiaomi mi a2 	4g		
1077518301	Smartphone Motorola Moto G5s Plus 32gb Mem 3gb Ram Dual	smartphone motorola moto g5s plus 	3gb		
1078008721	Smartphone Meizu M5c Dual Sim 4g 2gb Ram 16gb - Preto	smartphone meizu m5c dual sim 	2gb	preto	
1078653954	Samsung Galaxy S9 128gb Preto Sm-g9600/ds Anatel Lacrado	samsung galaxy s9 		preto	
1078800753	Smartphone Xiaomi Mi A2 Lite 64gb Mem 4gb Ram 4g - Preto	smartphone xiaomi mi a2 lite 	4gb	preto	
1079377092	Celular Samsung Galaxy A8 Plus 2018 Sm-a730f 64gb Preto	celular samsung galaxy a8 plus 		preto	
1079575088	Iphone X 64gb Novo Lacrado Anatel Nf Garantia Apple Prata	iphone x 		prata	
1080195907	Smartphone Xiaomi Mi A2 Lite Global 3gb Ram 32gb P/ Entrega	smartphone xiaomi mi a2 lite global 	3gb		
1080200504	Smartphone Xiaomi Mi A2 Lite Global 3gb Ram 32gb P/ Entrega	smartphone xiaomi mi a2 lite global 	3gb		
1080209407	Smartphone Xiaomi Mi A2 Lite Global 3gb Ram 32gb P/ Entrega	smartphone xiaomi mi a2 lite global 	3gb		
1080212639	Smartphone Xiaomi Mi A2 Lite Global 3gb Ram 32gb P/ Entrega	smartphone xiaomi mi a2 lite global 	3gb		
1080461251	Smartphone Xiaomi Mi A2 Lite 4gb Ram 64gb 4000mah 4g 5,84	smartphone xiaomi mi a2 lite 	4gb		5,84
1080635265	Samsung Galaxy J7 Prime 32gb Original Usado	samsung galaxy j7 prime 			
1080679988	Smartphone Motorola Moto Z2 Play Xt1710 4gb/64gb 5.5'' Dual	smartphone motorola moto z2 play xt1710 			5.5'''5.5
1080762936	Smartphone Xiaomi Mi A2 4gb/64gb Dual Sim Tela 5.99'' Global	smartphone xiaomi mi a2 			5.99'''99.5
1080788081	Smartphone Xiaomi Mi A2 4gb/64gb Dual Sim Tela 5.99'' Global	smartphone xiaomi mi a2 			5.99'''99.5
1081212559	Celular Novo Smartphone Xiaomi Mi A2 64gb 4g 5,99 Ram Global	celular novo smartphone xiaomi mi a2 	5,99		5,99
1081213942	Celular Lançamento Xiaomi Mi A2 64gb 4g Ram Global Promoção	celular lançamento xiaomi mi a2 	4g		
1081214087	Celular Lançamento Xiaomi Mi A2 64gb 4g Ram Global Lacrado	celular lançamento xiaomi mi a2 	4g		
1081323151	Smartphone Xiaomi Mi A2 Dualsim 4gb/32gb 5.99' Versão Global	smartphone xiaomi mi a2 dualsim 			5.99''99.5
1081331222	Smartphone Xiaomi Mi A2 Dualsim 4gb/32gb 5.99' Versão Global	smartphone xiaomi mi a2 dualsim 			5.99''99.5
1081966213	Celular Samsung Galaxy J7 Pro 64gb 5.5  64gb 4g 13mp	celular samsung galaxy j7 pro 			5.5
1081996918	Smartphone Xiaomi Mi A2 4gb/64gb Dual Sim Tela 5.99'' Global	smartphone xiaomi mi a2 			5.99'''99.5
1082047166	Celular Redmi Xiaomi 5a 4g 2gb Ram 16gb Tela 5	celular redmi xiaomi 	2gb		
1082047230	Celular Redmi Xiaomi 5a 4g 2gb Ram 16gb Tela 5.0 P. Entrega	celular redmi xiaomi 	2gb		5.0P.
1082050510	Celular Redmi Xiaomi 5a 4g 2gb Ram 16gb Tela 5.0 Original	celular redmi xiaomi 	2gb		5.0
1082222062	Smartphone Motorola Moto G5s Xt1794 Dual Sim 32gb 5.2 16mp	smartphone motorola moto g5s xt1794 dual sim 			5.2
1082845380	Smartphone Samsung Galaxy S9 Plus Preto 128gb, Tela Infinita	smartphone samsung galaxy s9 plus  		preto	128gb,
1083447711	Celular Motorola Moto G6 Plus 64gb 4gb Ram Tela 5.9 Índigo	celular motorola moto g6 plus 	4gb		5.9
1083684261	Samsung J6 Preto Tela 5,6 4g 32gb 13mp + Nota Fiscal + Lacr	samsung j6  tela 		preto	5,6
1083712089	Celular Xiaomi Mi A2 Lite 64gb/4gb Lacrado Global Octacore	celular xiaomi mi a2 lite 			
1083995049	Celular Samsung A530f Galaxy A8 Duos Dual Tela 5.6'' 64gb	celular samsung a530f galaxy a8 duos dual tela 			5.6'''6.5
1084340822	Smartphone Xiaomi Mi A2 Dual Sim 32g - 5.99   -  Ver Cores	smartphone xiaomi mi a2 dual sim 			5.99
1084468558	Xiaomi Mi A2 Lite 64gb/4gb Ram V. Global Sem Juros	xiaomi mi a2 lite 	64gb/4gb		V.
1084664814	Smartphone Xiaomi Redmi Note 5 64gb 4gb Ram 4g Tela 5.99	smartphone xiaomi redmi note 	4gb		5.99
1084723595	Smartphone Lenovo K8 Note 32gb 3gb Ram 4g Dual Sim Tela 5.5	smartphone lenovo k8 note 	3gb		5.5
1085281958	Xiaomi Mi A2 128gb 6gb 20mp Tela 5,99 Snapdragon 660 Android	xiaomi mi a2 			5,99
1086357946	Celular Xiaomi Mi 8 64gb 6gb Ram Snapdragon 845 Global	celular xiaomi mi 	6gb		
1086364697	Celular Xiaomi Mi 8 64gb 6gb Ram Global Snapdragon 845 Top	celular xiaomi mi 	6gb		
1087684396	Smartphone Xiaomi Mi 8 64gb/6gb Dual Sim Global P/ Entrega	smartphone xiaomi mi 			
1087722575	Smartphone Xiaomi Mi 8 64gb/6gb Dual Sim Global P/ Entrega	smartphone xiaomi mi 			
1087872453	Celular Xiaomi Mi A 2 A2 64gb 4g Ram Global Lançamento	celular xiaomi mi a 	4g		
1088837899	Celular Xiaomi Mi A1 4gb Ram 64gb 2 Chip Preto	celular xiaomi mi a1 	4gb	preto	
1089321953	Caterpillar Cat S60 Dualsim 32gb Tela 4.7 Infravermelho Flir	caterpillar cat s60 dualsim 			4.7
1091111893	Motorola Moto E5 Xt1944-4 Platinum , Lacrado Nf	Motorola Moto E5 Xt1944-4 Platinum , Lacrado Nf		platinum	,
1091120060	Smartphone Xiaomi Mi A2 64gb Dualsim 4gb 5.99' Versão Global	smartphone xiaomi mi a2 			5.99''99.5
1091992932	Smartphone Motorola Moto E4 Plus Biometria 3g Ram Tela 5.5	smartphone motorola moto e4 plus biometria 	3g		5.5
1092474394	Apple Iphone X 64gb Preto Anatel Lacrado	apple iphone x 		preto	
1092661462	Xiaomi Redmi 6 64gb 4g 4gb Ram Tela 5,45' Android 8.1	xiaomi redmi 	4gb		5,45''54,5
1092661463	Celular Xiaomi Redmi 6 64gb 4g 4gb Ram Tela 5,45' Original	celular xiaomi redmi 	4gb		5,45''54,5
1093035273	Celular Xiaomi Redmi Note 4x 64gb 4gb Ram Original Lacrado	celular xiaomi redmi note 	4gb		
1093039426	Smartphone Xiaomi Redmi Note 5 32gb 3gb Original	smartphone xiaomi redmi note 			
1093175873	Celular Samsung J8 64gb Violeta Tela 6'' 4g	celular samsung j8 			'6
1093182031	Celular Samsung J8 64gb Prata Tela 6'' 4g	celular samsung j8 		prata	'6
1093287213	Smartphone Samsung Galaxy J5 Prime 32gb 13mp +brindes	smartphone samsung galaxy j5 prime 			
1093383523	Samsung Galaxy S9+ Plus 128gb Preto - Lacrado Nacional	samsung galaxy s9+ plus 		preto	
1094237610	Celular Samsung Galaxy S4 Mini 8gb 3g/lte Android 4.4	celular samsung galaxy s4 mini 			4.4
1094540437	Smartphone Samsung Galaxy S9 Plus 128gb Anatel/nf/garantia	smartphone samsung galaxy s9 plus 			
1094961305	Smartphone Xiaomi Mi 8 Dualchip 128gb/6gb Versão Global	smartphone xiaomi mi 			
1095770972	Smartphone Xiaomi Mi A2 Dual Sim 32g - 5.99   -  Ver Cores	smartphone xiaomi mi a2 dual sim 			5.99
1095907681	Smartphone Samsung A530f Galaxy A8 Duos Dual Tela 5.6 64gb	smartphone samsung a530f galaxy a8 duos dual tela 			5.6
1096480874	Smartphone Lenovo K8 Plus 32gb Mem 3gb Ram Dual 4g	smartphone lenovo k8 plus 	3gb		
1096538981	Galaxy S9+  Plus Tela 6.2 Lacrado Desbloqueado Anatel	galaxy s9+  plus tela 			6.2
1096689287	Smartphone Blu Vivo Xi+ Plus Dual Sim 128gb 6gb Ram Tela 6.2	smartphone blu vivo xi+ plus dual sim 	6gb		6.2
1097126756	Smartphone Motorola G5s Plus 32gb Android Barato Celular 4g	smartphone motorola g5s plus 			
1097255930	Celular Samsung J400m Galaxy J4 Preto 32 Gb	celular samsung j400m galaxy j4  		preto	
1097258396	Celular Samsung J400m Galaxy J4 Preto 32 Gb	celular samsung j400m galaxy j4  		preto	
1097262306	Motorola Moto C Plus Xt1723 Dual Sim 16gb 4g Vermelho Oferta	motorola moto c plus xt1723 dual sim 			
1098574819	Celular Xiaomi Pocophone F1 128gb 6gb C\nota Global Lacrado	celular xiaomi pocophone f1 			
1098581653	Celular Xiaomi  Pocophone F1 64gb 6gb C\nota Global Lacrado	celular xiaomi  pocophone f1 			
1099263256	Celular Samsung Galaxy J7 Prime 2 / 32gb + Brinde !!!	celular samsung galaxy j7 prime 			
1100174661	Moto Z2 Play 64gb Xt1710 5.5 Full Hd 4gb Ram	moto z2 play 	4gb		5.5
1100178494	Smartphone  Moto Z2 Play 64gb Xt1710 5.5 Full Hd 4gb Ram	smartphone  moto z2 play 	4gb		5.5
1100807681	Motorola Moto G6 Plus Azul Topazio Dual 5.9  64gb 4g 12mp	motorola moto g6 plus  topazio dual 		azul	5.9
1102627055	Samsung J810m Galaxy J8 64gb	samsung j810m galaxy j8 			
1102813037	Celular J810m Galaxy J8 64gb	celular j810m galaxy j8 			
1102913867	Smartphone Samsung Galaxy J4 J400m 16gb Desbloqueado Preto	smartphone samsung galaxy j4 j400m 		preto	
1107590289	Celular Xiaomin Redmi Note 5 64gb 4g Ram Pronta Entrega	celular xiaomin redmi note 	4g		
1109394935	Iphone 8 64 Gb Apple Desbloqueado Anatel Lacrado Original	iphone 			
1109397175	Iphone 8 64 Gb Apple Desbloqueado Anatel Lacrado Novo	iphone 			
1111104349	Smartphone Xiaomi Redmi Note 4x 64gb 4gb Rom Global	smartphone xiaomi redmi note 			
1112883328	Samsung Galaxy J7 Prime 2 Tv	samsung galaxy j7 prime 			
1113203077	Smartphone Samsung Galaxy J6 Sm-j600g/ds Dual Sim 32gb .	smartphone samsung galaxy j6 sm-j600g/ds dual sim 			.
1115291630	Relógio Smartwatch Samsung Gear Sm-r800 46mm Cinza	relógio smartwatch samsung gear sm-r800 			
1115333516	Celular Galaxy J7 Pro 64gb Preto + Cartão Sd 8gb Grátis	celular galaxy j7 pro 		preto	
1118682127	Motorola Nextel I867  Ferrari - Otimo Estado	Motorola Nextel I867  Ferrari - Otimo Estado			
1119300954	Apple Iphone X 64gb Preto Anatel Lacrado	apple iphone x 		preto	
1119634973	Celular Xiaomi Redmi 6 32gb 3gb Ram Dual Cam	celular xiaomi redmi 	3gb		
1120952433	Motorola Nextel I867  Ferrari - Otimo Estado	Motorola Nextel I867  Ferrari - Otimo Estado			
